OrderID,OrderDate,IsReturned,CustomerName,RegionName,ProductName,Category,Price,Quantity,Revenue
2,2023-05-25,0,"Angela Jensen","Africa North","Shoes K",Footwear,114.49,1,114.49
2,2023-05-25,0,"Angela Jensen","Africa North","Shoes X",Accessories,123.14,5,615.70
3,2024-08-07,1,"Derrick Carter","Middle East","Smartphone N",Footwear,640.31,4,2561.24
3,2024-08-07,1,"Derrick Carter","Middle East","Shirt Z",Home,177.34,4,709.36
4,2024-12-05,0,"Emily Crane","Europe Central","Shirt F",Electronics,90.60,5,453.00
4,2024-12-05,0,"Emily Crane","Europe Central","Shoes C",Clothing,141.88,1,141.88
5,2023-12-04,0,"Jenna Allen","Europe West","Laptop X",Electronics,568.48,4,2273.92
5,2023-12-04,0,"Jenna Allen","Europe West","Watch B",Beauty,390.71,2,781.42
5,2023-12-04,0,"Jenna Allen","Europe West","Watch A",Footwear,230.74,4,922.96
5,2023-12-04,0,"Jenna Allen","Europe West","Shirt W",Clothing,470.00,3,1410.00
5,2023-12-04,0,"Jenna Allen","Europe West","Shoes K",Footwear,114.49,3,343.47
6,2023-05-30,1,"Cole Day","South America","Shirt G",Electronics,464.42,5,2322.10
6,2023-05-30,1,"Cole Day","South America","Shirt C",Beauty,645.47,2,1290.94
7,2023-12-14,1,"Amber Brown","Europe West","Shirt O",Footwear,363.09,1,363.09
7,2023-12-14,1,"Amber Brown","Europe West","Bag J",Footwear,368.89,2,737.78
7,2023-12-14,1,"Amber Brown","Europe West","Watch V",Beauty,343.84,5,1719.20
8,2023-05-11,0,"Michelle Cortez","Middle East","Watch N",Electronics,501.21,1,501.21
8,2023-05-11,0,"Michelle Cortez","Middle East","Watch B",Beauty,165.15,3,495.45
9,2025-03-26,1,"Lisa Sheppard","Asia East","Laptop B",Clothing,739.49,2,1478.98
9,2025-03-26,1,"Lisa Sheppard","Asia East","Watch N",Home,743.34,1,743.34
9,2025-03-26,1,"Lisa Sheppard","Asia East","Smartphone K",Electronics,627.73,4,2510.92
12,2023-06-07,0,"Christopher Hebert DVM","Middle East","Bag S",Footwear,487.92,4,1951.68
12,2023-06-07,0,"Christopher Hebert DVM","Middle East","Bag H",Accessories,534.44,1,534.44
12,2023-06-07,0,"Christopher Hebert DVM","Middle East","Watch E",Beauty,172.54,2,345.08
14,2023-08-14,0,"Rebecca Mccarty","Asia East","Shirt F",Electronics,90.60,3,271.80
14,2023-08-14,0,"Rebecca Mccarty","Asia East","Shirt Z",Home,177.34,1,177.34
14,2023-08-14,0,"Rebecca Mccarty","Asia East","Smartphone O",Electronics,219.23,4,876.92
15,2024-07-17,0,"Savannah Ramsey","Asia South","Bag E",Footwear,912.75,5,4563.75
15,2024-07-17,0,"Savannah Ramsey","Asia South","Smartphone A",Accessories,334.61,5,1673.05
18,2025-03-22,0,"Matthew Velasquez","Middle East","Shirt G",Electronics,464.42,4,1857.68
18,2025-03-22,0,"Matthew Velasquez","Middle East","Laptop S",Beauty,204.37,1,204.37
18,2025-03-22,0,"Matthew Velasquez","Middle East","Shoes N",Home,407.69,2,815.38
18,2025-03-22,0,"Matthew Velasquez","Middle East","Shoes X",Accessories,117.17,3,351.51
20,2024-05-04,0,"Rebecca Mccarty","Asia East","Smartphone D",Accessories,107.03,2,214.06
20,2024-05-04,0,"Rebecca Mccarty","Asia East","Watch M",Beauty,979.92,3,2939.76
21,2024-08-25,0,"Lisa Sheppard","Asia East","Shirt F",Electronics,90.60,3,271.80
21,2024-08-25,0,"Lisa Sheppard","Asia East","Shirt D",Home,637.06,2,1274.12
21,2024-08-25,0,"Lisa Sheppard","Asia East","Smartphone A",Accessories,334.61,5,1673.05
22,2023-12-26,0,"James Wolfe","Asia South","Laptop C",Electronics,520.15,4,2080.60
23,2024-07-09,0,"Kimberly Ryan","Europe West","Watch C",Electronics,235.84,2,471.68
24,2023-10-02,0,"Angela Mendoza","Asia East","Shirt O",Footwear,363.09,2,726.18
26,2025-01-06,0,"Michele Brandt","South America","Smartphone K",Electronics,627.73,1,627.73
26,2025-01-06,0,"Michele Brandt","South America","Shirt H",Electronics,422.95,5,2114.75
26,2025-01-06,0,"Michele Brandt","South America","Watch M",Home,54.22,3,162.66
27,2024-10-15,0,"Kevin Diaz","South America","Watch F",Electronics,256.94,5,1284.70
28,2023-12-31,0,"Michael Bowen","Europe Central","Bag H",Accessories,534.44,3,1603.32
28,2023-12-31,0,"Michael Bowen","Europe Central","Watch G",Electronics,690.67,2,1381.34
28,2023-12-31,0,"Michael Bowen","Europe Central","Shirt A",Footwear,420.58,4,1682.32
28,2023-12-31,0,"Michael Bowen","Europe Central","Smartphone I",Accessories,627.72,1,627.72
29,2024-08-23,1,"Matthew Acevedo","South America","Shirt O",Footwear,363.09,3,1089.27
29,2024-08-23,1,"Matthew Acevedo","South America","Shirt Z",Home,177.34,2,354.68
29,2024-08-23,1,"Matthew Acevedo","South America","Smartphone O",Home,217.88,5,1089.40
30,2023-10-25,1,"Patrick Lang","Asia East","Shoes E",Electronics,467.31,2,934.62
30,2023-10-25,1,"Patrick Lang","Asia East","Watch B",Beauty,165.15,5,825.75
30,2023-10-25,1,"Patrick Lang","Asia East","Shirt A",Footwear,420.58,3,1261.74
32,2023-08-05,0,"Jeremy Booth",Oceania,"Laptop Y",Accessories,651.21,1,651.21
32,2023-08-05,0,"Jeremy Booth",Oceania,"Shirt S",Home,821.35,5,4106.75
32,2023-08-05,0,"Jeremy Booth",Oceania,"Watch Q",Electronics,63.41,3,190.23
33,2023-07-23,1,"Michael Bowen","Europe Central","Bag J",Footwear,368.89,4,1475.56
33,2023-07-23,1,"Michael Bowen","Europe Central","Laptop Y",Accessories,651.21,5,3256.05
34,2025-02-05,0,"Michael Lee","North America","Watch B",Beauty,390.71,1,390.71
35,2025-03-28,0,"Ricky Cooper","Africa South","Watch G",Electronics,690.67,3,2072.01
35,2025-03-28,0,"Ricky Cooper","Africa South","Watch M",Home,54.22,5,271.10
35,2025-03-28,0,"Ricky Cooper","Africa South","Smartphone N",Footwear,640.31,1,640.31
35,2025-03-28,0,"Ricky Cooper","Africa South","Shoes C",Clothing,141.88,2,283.76
36,2024-11-05,0,"Steve Cooke","South America","Smartphone I",Footwear,207.24,2,414.48
36,2024-11-05,0,"Steve Cooke","South America","Shoes L",Clothing,403.36,3,1210.08
36,2024-11-05,0,"Steve Cooke","South America","Smartphone M",Clothing,938.56,2,1877.12
37,2025-01-02,0,"Debra Brooks","Africa South","Laptop W",Electronics,316.69,1,316.69
38,2024-09-16,0,"Claudia Williams","Asia East","Bag J",Footwear,368.89,2,737.78
38,2024-09-16,0,"Claudia Williams","Asia East","Smartphone D",Accessories,107.03,3,321.09
38,2024-09-16,0,"Claudia Williams","Asia East","Laptop S",Beauty,204.37,3,613.11
39,2024-02-03,0,"Maria Barron","Middle East","Watch A",Footwear,230.74,5,1153.70
39,2024-02-03,0,"Maria Barron","Middle East","Watch G",Electronics,690.67,2,1381.34
40,2024-10-30,0,"Larry Alexander","North America","Watch V",Beauty,343.84,4,1375.36
41,2024-08-29,0,"Paul Jackson","Asia East","Watch F",Electronics,256.94,1,256.94
41,2024-08-29,0,"Paul Jackson","Asia East","Bag H",Accessories,534.44,3,1603.32
41,2024-08-29,0,"Paul Jackson","Asia East","Watch C",Electronics,235.84,4,943.36
42,2024-10-28,0,"Ashley Stone","Asia East","Smartphone P",Accessories,784.97,5,3924.85
43,2023-08-01,0,"Chad Banks","Africa North","Shirt F",Electronics,90.60,5,453.00
43,2023-08-01,0,"Chad Banks","Africa North","Shirt U",Footwear,660.98,3,1982.94
43,2023-08-01,0,"Chad Banks","Africa North","Shoes E",Electronics,467.31,3,1401.93
44,2024-08-12,1,"Robert Bond",Oceania,"Smartphone U",Footwear,642.34,4,2569.36
44,2024-08-12,1,"Robert Bond",Oceania,"Watch F",Electronics,805.81,4,3223.24
44,2024-08-12,1,"Robert Bond",Oceania,"Shirt Z",Home,177.34,1,177.34
45,2024-01-08,0,"Pamela Jones","Europe Central","Watch M",Beauty,979.92,2,1959.84
46,2023-12-07,0,"Albert Johnson","Middle East","Laptop B",Clothing,739.49,5,3697.45
46,2023-12-07,0,"Albert Johnson","Middle East","Shirt Z",Home,177.34,4,709.36
47,2023-07-21,1,"Sandra Taylor","Asia South","Watch M",Home,54.22,4,216.88
47,2023-07-21,1,"Sandra Taylor","Asia South","Smartphone O",Home,217.88,1,217.88
47,2023-07-21,1,"Sandra Taylor","Asia South","Watch M",Home,54.22,3,162.66
47,2023-07-21,1,"Sandra Taylor","Asia South","Watch P",Clothing,285.01,4,1140.04
48,2024-07-19,0,"Debra Brooks","Africa South","Shirt O",Footwear,363.09,3,1089.27
48,2024-07-19,0,"Debra Brooks","Africa South","Smartphone I",Accessories,627.72,5,3138.60
49,2024-06-09,0,"John Fisher","Asia East","Bag I",Home,674.20,4,2696.80
49,2024-06-09,0,"John Fisher","Asia East","Shoes D",Home,858.32,5,4291.60
50,2024-10-09,0,"Cameron Fields","Europe Central","Watch N",Electronics,501.21,5,2506.05
50,2024-10-09,0,"Cameron Fields","Europe Central","Shoes J",Clothing,770.29,1,770.29
50,2024-10-09,0,"Cameron Fields","Europe Central","Shirt T",Accessories,516.07,1,516.07
52,2024-02-19,0,"Lacey Ross",Oceania,"Watch V",Beauty,343.84,5,1719.20
52,2024-02-19,0,"Lacey Ross",Oceania,"Watch C",Electronics,235.84,5,1179.20
52,2024-02-19,0,"Lacey Ross",Oceania,"Smartphone P",Accessories,784.97,4,3139.88
52,2024-02-19,0,"Lacey Ross",Oceania,"Laptop B",Clothing,739.49,3,2218.47
52,2024-02-19,0,"Lacey Ross",Oceania,"Shirt C",Beauty,645.47,4,2581.88
52,2024-02-19,0,"Lacey Ross",Oceania,"Bag T",Electronics,256.97,1,256.97
53,2024-10-06,0,"Katherine Coleman","Europe Central","Smartphone O",Electronics,219.23,2,438.46
53,2024-10-06,0,"Katherine Coleman","Europe Central","Smartphone I",Accessories,627.72,2,1255.44
53,2024-10-06,0,"Katherine Coleman","Europe Central","Bag T",Electronics,256.97,5,1284.85
55,2024-06-11,0,"Christopher Burgess","Africa South","Smartphone G",Electronics,729.92,5,3649.60
55,2024-06-11,0,"Christopher Burgess","Africa South","Watch B",Beauty,390.71,4,1562.84
57,2024-08-18,0,"Wendy Bryant",Oceania,"Shirt R",Accessories,587.01,1,587.01
58,2023-08-19,0,"Anthony Nielsen",Oceania,"Smartphone I",Accessories,627.72,3,1883.16
60,2024-08-01,0,"Rhonda Sanchez PhD","South America","Watch Y",Footwear,528.68,2,1057.36
60,2024-08-01,0,"Rhonda Sanchez PhD","South America","Laptop V",Home,209.60,3,628.80
60,2024-08-01,0,"Rhonda Sanchez PhD","South America","Shirt G",Accessories,250.09,5,1250.45
60,2024-08-01,0,"Rhonda Sanchez PhD","South America","Smartphone A",Accessories,334.61,5,1673.05
60,2024-08-01,0,"Rhonda Sanchez PhD","South America","Shoes X",Accessories,117.17,1,117.17
61,2025-03-07,1,"Michael Castro","Europe Central","Bag J",Footwear,368.89,5,1844.45
61,2025-03-07,1,"Michael Castro","Europe Central","Bag E",Footwear,912.75,2,1825.50
62,2023-10-27,0,"Diana Escobar","Asia East","Shoes X",Accessories,123.14,5,615.70
62,2023-10-27,0,"Diana Escobar","Asia East","Shirt F",Electronics,90.60,2,181.20
62,2023-10-27,0,"Diana Escobar","Asia East","Laptop S",Beauty,204.37,2,408.74
62,2023-10-27,0,"Diana Escobar","Asia East","Smartphone K",Electronics,627.73,5,3138.65
62,2023-10-27,0,"Diana Escobar","Asia East","Bag J",Footwear,368.89,4,1475.56
62,2023-10-27,0,"Diana Escobar","Asia East","Shoes K",Footwear,114.49,2,228.98
63,2024-06-28,0,"Brenda Poole",Oceania,"Shirt D",Home,637.06,2,1274.12
64,2023-10-21,0,"Ashley Stone","Asia East","Watch B",Beauty,703.73,4,2814.92
64,2023-10-21,0,"Ashley Stone","Asia East","Bag T",Electronics,256.97,1,256.97
64,2023-10-21,0,"Ashley Stone","Asia East","Shoes D",Home,858.32,2,1716.64
67,2024-04-08,1,"David Garcia II","Africa South","Bag K",Electronics,46.30,1,46.30
68,2023-10-12,0,"Jennifer Johnson","Africa North","Laptop C",Electronics,520.15,4,2080.60
68,2023-10-12,0,"Jennifer Johnson","Africa North","Smartphone I",Footwear,207.24,4,828.96
68,2023-10-12,0,"Jennifer Johnson","Africa North","Smartphone Z",Beauty,527.04,3,1581.12
68,2023-10-12,0,"Jennifer Johnson","Africa North","Smartphone M",Clothing,938.56,4,3754.24
68,2023-10-12,0,"Jennifer Johnson","Africa North","Shirt Q",Beauty,400.46,5,2002.30
68,2023-10-12,0,"Jennifer Johnson","Africa North","Watch N",Home,743.34,4,2973.36
69,2024-11-23,0,"William Ferguson DDS","Africa South","Smartphone K",Electronics,627.73,2,1255.46
69,2024-11-23,0,"William Ferguson DDS","Africa South","Bag F",Electronics,734.91,1,734.91
70,2024-09-29,1,"David Watson","Asia South","Bag I",Home,674.20,3,2022.60
70,2024-09-29,1,"David Watson","Asia South","Laptop V",Footwear,101.30,1,101.30
70,2024-09-29,1,"David Watson","Asia South","Shirt T",Accessories,516.07,3,1548.21
71,2024-09-15,1,"Matthew Acevedo","South America","Shoes O",Home,27.32,5,136.60
72,2024-10-25,0,"Austin Gordon","South America","Bag K",Electronics,46.30,5,231.50
73,2023-04-24,0,"Sarah Shepherd","North America","Watch N",Home,743.34,3,2230.02
74,2024-06-25,0,"Joseph Barber","Asia East","Smartphone M",Clothing,938.56,2,1877.12
74,2024-06-25,0,"Joseph Barber","Asia East","Bag I",Home,674.20,5,3371.00
74,2024-06-25,0,"Joseph Barber","Asia East","Shirt T",Accessories,516.07,2,1032.14
74,2024-06-25,0,"Joseph Barber","Asia East","Shoes J",Clothing,770.29,4,3081.16
74,2024-06-25,0,"Joseph Barber","Asia East","Smartphone D",Accessories,107.03,1,107.03
75,2024-05-28,0,"Mary Jensen",Oceania,"Smartphone I",Accessories,627.72,3,1883.16
76,2025-01-28,0,"Mark Warner","Asia South","Watch N",Electronics,501.21,4,2004.84
76,2025-01-28,0,"Mark Warner","Asia South","Shirt T",Accessories,516.07,4,2064.28
77,2023-06-27,0,"Robert Edwards","Africa South","Bag S",Footwear,487.92,3,1463.76
79,2023-05-11,1,"Sarah Shepherd","North America","Watch Q",Electronics,63.41,5,317.05
80,2024-01-09,0,"Pamela Miranda MD","Africa North","Laptop Y",Accessories,651.21,4,2604.84
80,2024-01-09,0,"Pamela Miranda MD","Africa North","Bag P",Accessories,632.27,5,3161.35
81,2024-06-07,0,"David Hensley","Middle East","Shoes L",Clothing,369.50,2,739.00
81,2024-06-07,0,"David Hensley","Middle East","Smartphone K",Electronics,627.73,1,627.73
81,2024-06-07,0,"David Hensley","Middle East","Watch C",Electronics,235.84,1,235.84
82,2024-10-13,0,"Melanie Davis","Asia East","Laptop X",Electronics,568.48,3,1705.44
82,2024-10-13,0,"Melanie Davis","Asia East","Watch M",Home,54.22,2,108.44
82,2024-10-13,0,"Melanie Davis","Asia East","Smartphone G",Electronics,729.92,4,2919.68
86,2023-04-25,1,"Ernest Jensen","North America","Bag J",Footwear,368.89,2,737.78
86,2023-04-25,1,"Ernest Jensen","North America","Bag I",Home,674.20,5,3371.00
86,2023-04-25,1,"Ernest Jensen","North America","Shoes C",Clothing,141.88,3,425.64
87,2023-05-15,1,"Amanda Anderson","Middle East","Shirt U",Footwear,660.98,4,2643.92
88,2024-07-17,0,"Felicia Walker","Asia East","Shirt G",Accessories,250.09,3,750.27
89,2024-11-30,0,"Margaret Horton","Africa South","Bag Q",Beauty,810.60,4,3242.40
91,2024-09-21,0,"Chad Ramirez","Asia South","Shoes M",Footwear,208.93,1,208.93
92,2023-09-21,0,"Katherine Coleman","Europe Central","Shirt D",Home,637.06,1,637.06
93,2024-03-15,1,"Nancy Shepherd","Europe Central","Bag T",Electronics,256.97,2,513.94
94,2024-08-20,0,"Jordan Brown","Europe West","Shirt G",Accessories,250.09,2,500.18
94,2024-08-20,0,"Jordan Brown","Europe West","Shirt G",Accessories,250.09,3,750.27
94,2024-08-20,0,"Jordan Brown","Europe West","Bag S",Footwear,487.92,1,487.92
95,2023-09-26,0,"John Barton","Europe West","Bag T",Accessories,336.76,2,673.52
95,2023-09-26,0,"John Barton","Europe West","Bag S",Footwear,487.92,3,1463.76
96,2025-03-26,1,"Kelly Mcneil","Asia East","Shirt Z",Home,177.34,3,532.02
96,2025-03-26,1,"Kelly Mcneil","Asia East","Smartphone G",Electronics,729.92,2,1459.84
97,2024-10-29,1,"Sean Gallagher","South America","Shoes R",Footwear,770.25,2,1540.50
98,2025-01-03,0,"Debbie Copeland",Oceania,"Shirt F",Electronics,90.60,5,453.00
99,2023-05-02,0,"Mary Jensen",Oceania,"Shirt Q",Beauty,400.46,3,1201.38
99,2023-05-02,0,"Mary Jensen",Oceania,"Shirt D",Home,637.06,3,1911.18
100,2023-12-13,0,"Alan Young","Africa North","Smartphone M",Clothing,938.56,2,1877.12
100,2023-12-13,0,"Alan Young","Africa North","Smartphone N",Footwear,640.31,4,2561.24
100,2023-12-13,0,"Alan Young","Africa North","Shirt A",Footwear,420.58,3,1261.74
101,2024-12-16,0,"Maria Barron","Middle East","Shoes O",Home,27.32,1,27.32
102,2023-08-17,0,"Katherine Coleman","Europe Central","Watch N",Electronics,501.21,5,2506.05
102,2023-08-17,0,"Katherine Coleman","Europe Central","Shirt Q",Beauty,400.46,4,1601.84
102,2023-08-17,0,"Katherine Coleman","Europe Central","Bag E",Footwear,912.75,1,912.75
103,2023-06-15,0,"Wendy Hunt","Africa North","Laptop B",Clothing,739.49,3,2218.47
103,2023-06-15,0,"Wendy Hunt","Africa North","Watch F",Electronics,805.81,2,1611.62
104,2024-05-09,0,"Angela Mcdonald","South America","Laptop S",Beauty,204.37,2,408.74
104,2024-05-09,0,"Angela Mcdonald","South America","Watch Y",Footwear,528.68,1,528.68
104,2024-05-09,0,"Angela Mcdonald","South America","Shirt Z",Home,177.34,3,532.02
105,2023-11-13,1,"Cameron Fields","Europe Central","Shirt Z",Home,177.34,3,532.02
105,2023-11-13,1,"Cameron Fields","Europe Central","Watch M",Home,54.22,3,162.66
105,2023-11-13,1,"Cameron Fields","Europe Central","Smartphone N",Footwear,640.31,3,1920.93
105,2023-11-13,1,"Cameron Fields","Europe Central","Smartphone U",Footwear,642.34,3,1927.02
105,2023-11-13,1,"Cameron Fields","Europe Central","Watch V",Beauty,343.84,5,1719.20
106,2024-04-18,1,"Rebecca Sutton","Europe West","Smartphone D",Accessories,107.03,2,214.06
106,2024-04-18,1,"Rebecca Sutton","Europe West","Shirt O",Footwear,363.09,5,1815.45
107,2024-06-01,1,"Michael Lee","North America","Shirt A",Footwear,420.58,4,1682.32
108,2024-04-28,0,"Dawn Fowler",Oceania,"Bag S",Footwear,487.92,3,1463.76
108,2024-04-28,0,"Dawn Fowler",Oceania,"Shirt K",Accessories,86.39,5,431.95
109,2024-07-14,0,"Samuel Chen","Asia East","Shoes N",Home,407.69,5,2038.45
109,2024-07-14,0,"Samuel Chen","Asia East","Smartphone O",Home,217.88,1,217.88
109,2024-07-14,0,"Samuel Chen","Asia East","Shirt D",Home,891.21,3,2673.63
109,2024-07-14,0,"Samuel Chen","Asia East","Shirt G",Electronics,464.42,2,928.84
110,2024-02-19,0,"Susan Phelps",Oceania,"Watch Q",Electronics,63.41,4,253.64
110,2024-02-19,0,"Susan Phelps",Oceania,"Watch N",Electronics,501.21,3,1503.63
111,2023-09-27,1,"Debbie Copeland",Oceania,"Smartphone P",Accessories,784.97,4,3139.88
111,2023-09-27,1,"Debbie Copeland",Oceania,"Shoes D",Home,858.32,1,858.32
112,2023-04-26,0,"Robert Lopez","South America","Watch V",Beauty,93.71,2,187.42
113,2025-03-29,0,"Sara English","Europe West","Shoes R",Footwear,770.25,4,3081.00
113,2025-03-29,0,"Sara English","Europe West","Laptop V",Footwear,101.30,1,101.30
114,2025-04-13,0,"Jordan Jones","Africa North","Shoes R",Footwear,770.25,2,1540.50
114,2025-04-13,0,"Jordan Jones","Africa North","Shirt D",Home,891.21,2,1782.42
114,2025-04-13,0,"Jordan Jones","Africa North","Smartphone O",Home,217.88,5,1089.40
115,2024-01-16,0,"Melanie Davis","Asia East","Watch F",Electronics,805.81,5,4029.05
116,2023-12-20,0,"Pamela Jones","Europe Central","Shirt I",Accessories,619.71,3,1859.13
116,2023-12-20,0,"Pamela Jones","Europe Central","Watch M",Home,54.22,1,54.22
117,2025-02-16,0,"Ashley Stone","Asia East","Shoes X",Accessories,123.14,5,615.70
118,2023-04-16,0,"Katherine Coleman","Europe Central","Laptop Y",Accessories,651.21,4,2604.84
118,2023-04-16,0,"Katherine Coleman","Europe Central","Watch F",Electronics,256.94,4,1027.76
120,2024-04-08,1,"Nancy Shepherd","Europe Central","Watch N",Home,743.34,3,2230.02
120,2024-04-08,1,"Nancy Shepherd","Europe Central","Watch G",Electronics,690.67,3,2072.01
121,2024-02-03,0,"Michael Castro","Europe Central","Laptop W",Beauty,345.58,1,345.58
122,2024-04-02,0,"Kristen Cannon","Europe West","Watch E",Beauty,172.54,1,172.54
122,2024-04-02,0,"Kristen Cannon","Europe West","Smartphone O",Home,217.88,2,435.76
122,2024-04-02,0,"Kristen Cannon","Europe West","Bag S",Footwear,487.92,4,1951.68
123,2023-06-08,0,"Andrew Quinn","Africa South","Smartphone Z",Beauty,527.04,3,1581.12
124,2024-01-08,0,"Michael Johnston","North America","Shirt T",Accessories,516.07,3,1548.21
124,2024-01-08,0,"Michael Johnston","North America","Shirt F",Electronics,90.60,1,90.60
124,2024-01-08,0,"Michael Johnston","North America","Laptop V",Footwear,101.30,5,506.50
124,2024-01-08,0,"Michael Johnston","North America","Watch V",Beauty,343.84,5,1719.20
124,2024-01-08,0,"Michael Johnston","North America","Shoes N",Home,407.69,3,1223.07
125,2023-09-08,1,"April Greene","Africa North","Bag T",Electronics,256.97,4,1027.88
125,2023-09-08,1,"April Greene","Africa North","Shoes K",Footwear,114.49,5,572.45
125,2023-09-08,1,"April Greene","Africa North","Shirt K",Accessories,86.39,4,345.56
126,2024-11-15,0,"Brian Smith","Africa North","Shirt Q",Electronics,142.49,4,569.96
126,2024-11-15,0,"Brian Smith","Africa North","Shirt U",Footwear,660.98,5,3304.90
127,2023-11-23,0,"Ann Cochran","South America","Smartphone K",Electronics,627.73,4,2510.92
127,2023-11-23,0,"Ann Cochran","South America","Shirt A",Footwear,420.58,3,1261.74
128,2023-10-31,0,"Ann Cochran","South America","Bag Q",Beauty,810.60,5,4053.00
128,2023-10-31,0,"Ann Cochran","South America","Shirt R",Clothing,40.47,1,40.47
128,2023-10-31,0,"Ann Cochran","South America","Shoes E",Electronics,467.31,1,467.31
129,2025-01-24,0,"Amber Potter","Asia East","Watch V",Beauty,343.84,4,1375.36
129,2025-01-24,0,"Amber Potter","Asia East","Bag S",Footwear,487.92,1,487.92
130,2023-05-18,0,"Carol Burton","Asia East","Shirt Q",Beauty,400.46,2,800.92
131,2024-01-04,0,"Kevin Sanford","Asia South","Laptop W",Beauty,345.58,5,1727.90
131,2024-01-04,0,"Kevin Sanford","Asia South","Watch G",Electronics,690.67,2,1381.34
133,2024-12-17,0,"Erin Douglas","Asia East","Smartphone M",Clothing,938.56,5,4692.80
133,2024-12-17,0,"Erin Douglas","Asia East","Shoes M",Footwear,208.93,1,208.93
133,2024-12-17,0,"Erin Douglas","Asia East","Smartphone G",Electronics,729.92,3,2189.76
134,2024-08-16,1,"Mark Burns","North America","Bag I",Home,674.20,3,2022.60
134,2024-08-16,1,"Mark Burns","North America","Shirt U",Footwear,660.98,3,1982.94
135,2024-02-18,0,"Kevin Norris","North America","Shirt G",Accessories,250.09,1,250.09
135,2024-02-18,0,"Kevin Norris","North America","Laptop C",Electronics,520.15,1,520.15
136,2024-08-29,1,"Jacob Wells","Europe Central","Laptop W",Electronics,316.69,5,1583.45
136,2024-08-29,1,"Jacob Wells","Europe Central","Laptop W",Beauty,345.58,2,691.16
136,2024-08-29,1,"Jacob Wells","Europe Central","Bag H",Accessories,534.44,4,2137.76
139,2023-08-24,0,"Claudia Williams","Asia East","Laptop S",Beauty,204.37,1,204.37
140,2023-05-23,0,"Scott Walker","Europe Central","Bag S",Footwear,487.92,4,1951.68
141,2023-05-25,1,"Michele Brandt","South America","Shirt A",Footwear,420.58,5,2102.90
141,2023-05-25,1,"Michele Brandt","South America","Shoes N",Home,407.69,2,815.38
141,2023-05-25,1,"Michele Brandt","South America","Bag T",Accessories,615.95,2,1231.90
141,2023-05-25,1,"Michele Brandt","South America","Bag Y",Home,834.71,4,3338.84
141,2023-05-25,1,"Michele Brandt","South America","Smartphone G",Electronics,729.92,4,2919.68
141,2023-05-25,1,"Michele Brandt","South America","Smartphone U",Footwear,642.34,5,3211.70
142,2024-01-08,0,"Debra Brooks","Africa South","Shoes R",Footwear,770.25,2,1540.50
142,2024-01-08,0,"Debra Brooks","Africa South","Bag P",Clothing,993.52,3,2980.56
143,2023-05-21,0,"David Hinton","North America","Shoes H",Home,706.78,5,3533.90
143,2023-05-21,0,"David Hinton","North America","Laptop W",Beauty,345.58,5,1727.90
144,2025-02-27,1,"Wendy Bryant",Oceania,"Shoes X",Accessories,117.17,4,468.68
144,2025-02-27,1,"Wendy Bryant",Oceania,"Laptop W",Beauty,345.58,4,1382.32
145,2023-09-02,0,"James Wagner","Middle East","Bag H",Accessories,534.44,1,534.44
146,2024-01-02,0,"Ryan Fisher","North America","Watch V",Beauty,93.71,4,374.84
146,2024-01-02,0,"Ryan Fisher","North America","Bag I",Home,674.20,3,2022.60
147,2023-11-24,0,"Joseph Hardy","Asia South","Shirt Z",Home,177.34,1,177.34
148,2025-02-01,0,"Amber Brown","Europe West","Shoes R",Footwear,770.25,2,1540.50
148,2025-02-01,0,"Amber Brown","Europe West","Shirt H",Electronics,422.95,2,845.90
148,2025-02-01,0,"Amber Brown","Europe West","Bag R",Beauty,61.28,3,183.84
149,2024-10-20,0,"Tracie Waters","Africa South","Laptop V",Footwear,101.30,2,202.60
149,2024-10-20,0,"Tracie Waters","Africa South","Shirt G",Accessories,250.09,2,500.18
149,2024-10-20,0,"Tracie Waters","Africa South","Watch Y",Footwear,528.68,2,1057.36
150,2023-11-11,1,"Ann Cochran","South America","Watch Y",Footwear,528.68,1,528.68
151,2024-06-03,0,"Christian Edwards","South America","Watch V",Beauty,343.84,1,343.84
151,2024-06-03,0,"Christian Edwards","South America","Smartphone D",Accessories,107.03,4,428.12
153,2023-07-18,0,"Michele Brandt","South America","Watch M",Home,54.22,5,271.10
155,2023-11-27,0,"Amy Wright","Africa North","Bag Y",Home,834.71,1,834.71
155,2023-11-27,0,"Amy Wright","Africa North","Bag Y",Home,834.71,4,3338.84
155,2023-11-27,0,"Amy Wright","Africa North","Shirt A",Footwear,420.58,5,2102.90
156,2023-11-23,0,"John Barton","Europe West","Shoes L",Clothing,403.36,5,2016.80
157,2024-10-01,1,"Scott Walker","Europe Central","Watch E",Beauty,172.54,5,862.70
157,2024-10-01,1,"Scott Walker","Europe Central","Shirt R",Accessories,587.01,1,587.01
157,2024-10-01,1,"Scott Walker","Europe Central","Shirt H",Electronics,422.95,3,1268.85
160,2024-07-09,0,"Charlene Barnett","Asia East","Shirt Q",Beauty,400.46,3,1201.38
160,2024-07-09,0,"Charlene Barnett","Asia East","Shirt Z",Home,177.34,3,532.02
161,2025-03-18,0,"Matthew Young","Africa South","Smartphone G",Electronics,729.92,1,729.92
162,2023-08-06,0,"Angela Mcdonald","South America","Watch V",Beauty,343.84,4,1375.36
162,2023-08-06,0,"Angela Mcdonald","South America","Shirt Q",Beauty,400.46,3,1201.38
162,2023-08-06,0,"Angela Mcdonald","South America","Bag K",Electronics,46.30,5,231.50
163,2025-02-20,0,"Paul Jackson","Asia East","Shirt Z",Home,854.04,4,3416.16
163,2025-02-20,0,"Paul Jackson","Asia East","Watch M",Beauty,979.92,4,3919.68
163,2025-02-20,0,"Paul Jackson","Asia East","Smartphone M",Clothing,938.56,3,2815.68
163,2025-02-20,0,"Paul Jackson","Asia East","Smartphone O",Electronics,219.23,3,657.69
164,2025-02-26,0,"Matthew Sanders","Africa North","Shirt Z",Home,854.04,2,1708.08
164,2025-02-26,0,"Matthew Sanders","Africa North","Shoes X",Accessories,123.14,5,615.70
164,2025-02-26,0,"Matthew Sanders","Africa North","Shirt G",Electronics,464.42,4,1857.68
165,2024-05-10,0,"Emily Crane","Europe Central","Bag I",Home,674.20,5,3371.00
165,2024-05-10,0,"Emily Crane","Europe Central","Bag F",Electronics,734.91,2,1469.82
166,2024-03-07,1,"Andrew Quinn","Africa South","Shoes H",Home,706.78,3,2120.34
166,2024-03-07,1,"Andrew Quinn","Africa South","Shirt F",Electronics,90.60,3,271.80
167,2023-09-11,1,"Nancy Shepherd","Europe Central","Smartphone Z",Beauty,527.04,5,2635.20
167,2023-09-11,1,"Nancy Shepherd","Europe Central","Shoes E",Electronics,467.31,1,467.31
167,2023-09-11,1,"Nancy Shepherd","Europe Central","Shoes N",Home,407.69,1,407.69
168,2023-10-19,1,"Kevin Norris","North America","Shirt L",Electronics,707.91,1,707.91
168,2023-10-19,1,"Kevin Norris","North America","Shoes K",Footwear,114.49,2,228.98
169,2024-05-30,0,"Paul Combs","South America","Shirt T",Accessories,516.07,2,1032.14
169,2024-05-30,0,"Paul Combs","South America","Bag Q",Beauty,810.60,5,4053.00
170,2024-06-05,0,"Cynthia Donaldson",Oceania,"Shirt Q",Electronics,142.49,1,142.49
171,2024-09-26,0,"Michael Hughes","Europe West","Watch N",Electronics,501.21,2,1002.42
171,2024-09-26,0,"Michael Hughes","Europe West","Shirt Z",Home,854.04,5,4270.20
171,2024-09-26,0,"Michael Hughes","Europe West","Watch F",Electronics,805.81,2,1611.62
173,2024-10-17,0,"Alan Young","Africa North","Laptop X",Electronics,568.48,4,2273.92
173,2024-10-17,0,"Alan Young","Africa North","Laptop C",Electronics,520.15,4,2080.60
174,2023-05-06,0,"Chad Banks","Africa North","Watch P",Clothing,285.01,1,285.01
174,2023-05-06,0,"Chad Banks","Africa North","Watch V",Beauty,93.71,4,374.84
174,2023-05-06,0,"Chad Banks","Africa North","Shirt F",Electronics,90.60,2,181.20
174,2023-05-06,0,"Chad Banks","Africa North","Smartphone D",Accessories,107.03,4,428.12
175,2024-07-05,0,"Justin Sanchez","Africa North","Smartphone I",Footwear,207.24,1,207.24
176,2023-08-08,0,"Ricky Cooper","Africa South","Bag Q",Beauty,810.60,1,810.60
176,2023-08-08,0,"Ricky Cooper","Africa South","Laptop V",Footwear,101.30,5,506.50
178,2023-11-01,0,"Angela Mcdonald","South America","Watch F",Electronics,805.81,1,805.81
179,2023-11-19,0,"Mary Jensen",Oceania,"Smartphone O",Home,217.88,4,871.52
179,2023-11-19,0,"Mary Jensen",Oceania,"Shoes C",Clothing,141.88,2,283.76
179,2023-11-19,0,"Mary Jensen",Oceania,"Shirt A",Footwear,420.58,3,1261.74
180,2024-10-10,0,"Michael Suarez",Oceania,"Laptop J",Electronics,870.61,5,4353.05
180,2024-10-10,0,"Michael Suarez",Oceania,"Shirt G",Accessories,250.09,3,750.27
181,2025-03-03,0,"Jack Spencer","Asia South","Smartphone O",Electronics,219.23,4,876.92
181,2025-03-03,0,"Jack Spencer","Asia South","Bag F",Electronics,734.91,4,2939.64
182,2025-02-10,0,"Mary Gilmore","Africa North","Watch N",Electronics,501.21,4,2004.84
183,2024-06-14,1,"Cynthia Donaldson",Oceania,"Laptop X",Electronics,568.48,4,2273.92
183,2024-06-14,1,"Cynthia Donaldson",Oceania,"Laptop S",Clothing,68.27,3,204.81
183,2024-06-14,1,"Cynthia Donaldson",Oceania,"Watch J",Beauty,277.91,4,1111.64
185,2024-03-19,0,"Vincent Thomas","Europe West","Shoes H",Electronics,333.56,5,1667.80
185,2024-03-19,0,"Vincent Thomas","Europe West","Shirt H",Electronics,422.95,3,1268.85
185,2024-03-19,0,"Vincent Thomas","Europe West","Watch M",Home,54.22,5,271.10
185,2024-03-19,0,"Vincent Thomas","Europe West","Watch E",Beauty,172.54,3,517.62
186,2023-09-20,0,"Scott Walker","Europe Central","Shoes M",Footwear,208.93,1,208.93
188,2024-08-06,0,"Michael Bowen","Europe Central","Shirt I",Accessories,619.71,2,1239.42
190,2024-07-05,0,"David Watson","Asia South","Bag F",Electronics,734.91,4,2939.64
190,2024-07-05,0,"David Watson","Asia South","Bag S",Footwear,487.92,5,2439.60
191,2024-06-15,0,"Felicia Walker","Asia East","Bag H",Accessories,534.44,2,1068.88
191,2024-06-15,0,"Felicia Walker","Asia East","Laptop V",Home,209.60,4,838.40
192,2024-03-19,0,"David Klein","Europe Central","Watch E",Beauty,172.54,4,690.16
193,2023-10-21,1,"Angela Jensen","Africa North","Smartphone G",Electronics,729.92,4,2919.68
193,2023-10-21,1,"Angela Jensen","Africa North","Laptop V",Home,209.60,1,209.60
193,2023-10-21,1,"Angela Jensen","Africa North","Watch P",Clothing,285.01,1,285.01
193,2023-10-21,1,"Angela Jensen","Africa North","Smartphone I",Footwear,207.24,5,1036.20
194,2024-02-18,0,"Megan Marshall","Europe West","Shoes H",Electronics,333.56,2,667.12
194,2024-02-18,0,"Megan Marshall","Europe West","Bag T",Accessories,615.95,5,3079.75
195,2025-03-14,0,"Stephanie Smith","Africa South","Watch B",Beauty,390.71,2,781.42
195,2025-03-14,0,"Stephanie Smith","Africa South","Shoes R",Footwear,770.25,4,3081.00
195,2025-03-14,0,"Stephanie Smith","Africa South","Watch E",Beauty,172.54,5,862.70
195,2025-03-14,0,"Stephanie Smith","Africa South","Watch N",Electronics,501.21,1,501.21
196,2024-04-05,1,"Maureen Sanchez","North America","Watch P",Clothing,285.01,1,285.01
196,2024-04-05,1,"Maureen Sanchez","North America","Shirt K",Accessories,86.39,2,172.78
196,2024-04-05,1,"Maureen Sanchez","North America","Bag H",Accessories,534.44,4,2137.76
197,2024-09-11,0,"Jessica Smith",Oceania,"Shirt D",Home,891.21,4,3564.84
198,2024-09-19,0,"Cynthia Rogers","Europe West","Shirt O",Footwear,363.09,4,1452.36
198,2024-09-19,0,"Cynthia Rogers","Europe West","Watch U",Clothing,760.93,4,3043.72
198,2024-09-19,0,"Cynthia Rogers","Europe West","Smartphone K",Electronics,627.73,4,2510.92
198,2024-09-19,0,"Cynthia Rogers","Europe West","Watch B",Beauty,165.15,5,825.75
199,2023-06-08,1,"Susan Phelps",Oceania,"Laptop C",Electronics,520.15,4,2080.60
199,2023-06-08,1,"Susan Phelps",Oceania,"Watch B",Beauty,390.71,1,390.71
199,2023-06-08,1,"Susan Phelps",Oceania,"Bag T",Accessories,615.95,1,615.95
199,2023-06-08,1,"Susan Phelps",Oceania,"Smartphone I",Accessories,627.72,3,1883.16
201,2024-02-26,0,"Katherine Fox",Oceania,"Shoes H",Home,706.78,5,3533.90
203,2025-03-03,0,"Michelle Cortez","Middle East","Shirt G",Accessories,250.09,1,250.09
204,2023-07-17,0,"Joshua Rush","Europe West","Watch F",Electronics,805.81,4,3223.24
204,2023-07-17,0,"Joshua Rush","Europe West","Watch B",Beauty,165.15,2,330.30
204,2023-07-17,0,"Joshua Rush","Europe West","Laptop W",Beauty,345.58,2,691.16
205,2023-04-17,1,"Austin Gordon","South America","Shoes O",Home,27.32,2,54.64
206,2023-12-29,0,"David Hinton","North America","Watch U",Electronics,676.79,1,676.79
206,2023-12-29,0,"David Hinton","North America","Watch V",Beauty,93.71,5,468.55
206,2023-12-29,0,"David Hinton","North America","Shoes N",Home,407.69,5,2038.45
206,2023-12-29,0,"David Hinton","North America","Laptop W",Electronics,316.69,2,633.38
207,2024-02-29,0,"April Greene","Africa North","Shoes C",Clothing,141.88,1,141.88
207,2024-02-29,0,"April Greene","Africa North","Bag S",Footwear,487.92,5,2439.60
207,2024-02-29,0,"April Greene","Africa North","Watch W",Home,285.27,3,855.81
208,2024-07-12,1,"Anthony Coleman","Africa North","Shirt T",Accessories,516.07,3,1548.21
208,2024-07-12,1,"Anthony Coleman","Africa North","Laptop J",Electronics,870.61,4,3482.44
209,2023-04-27,0,"Charles Hudson",Oceania,"Watch C",Electronics,235.84,5,1179.20
210,2023-07-22,0,"Maria Barron","Middle East","Bag P",Clothing,993.52,5,4967.60
210,2023-07-22,0,"Maria Barron","Middle East","Shirt G",Electronics,464.42,1,464.42
211,2024-03-09,0,"Michael Suarez",Oceania,"Laptop B",Clothing,739.49,3,2218.47
213,2025-02-21,1,"Erin Douglas","Asia East","Laptop V",Footwear,101.30,4,405.20
213,2025-02-21,1,"Erin Douglas","Asia East","Smartphone O",Home,217.88,5,1089.40
213,2025-02-21,1,"Erin Douglas","Asia East","Watch Y",Footwear,528.68,4,2114.72
214,2024-06-27,0,"Mark Burns","North America","Bag E",Footwear,912.75,2,1825.50
215,2023-11-05,1,"Jordan Jones","Africa North","Shoes X",Accessories,123.14,2,246.28
215,2023-11-05,1,"Jordan Jones","Africa North","Shoes R",Footwear,770.25,2,1540.50
216,2024-07-31,1,"Scott Walker","Europe Central","Shirt S",Home,821.35,3,2464.05
216,2024-07-31,1,"Scott Walker","Europe Central","Shirt S",Home,821.35,2,1642.70
217,2024-02-20,0,"Rebecca Sutton","Europe West","Shirt O",Footwear,363.09,2,726.18
217,2024-02-20,0,"Rebecca Sutton","Europe West","Watch M",Home,54.22,3,162.66
218,2023-10-25,0,"Mary Jensen",Oceania,"Watch C",Electronics,235.84,3,707.52
218,2023-10-25,0,"Mary Jensen",Oceania,"Shoes L",Clothing,403.36,4,1613.44
218,2023-10-25,0,"Mary Jensen",Oceania,"Shoes R",Footwear,770.25,4,3081.00
218,2023-10-25,0,"Mary Jensen",Oceania,"Shoes H",Home,706.78,1,706.78
218,2023-10-25,0,"Mary Jensen",Oceania,"Shoes L",Clothing,403.36,5,2016.80
218,2023-10-25,0,"Mary Jensen",Oceania,"Shoes H",Electronics,333.56,4,1334.24
219,2024-01-05,0,"Mary Herrera","Europe Central","Smartphone O",Electronics,219.23,2,438.46
219,2024-01-05,0,"Mary Herrera","Europe Central","Bag H",Accessories,534.44,1,534.44
220,2023-10-13,0,"James Wagner","Middle East","Watch N",Home,743.34,1,743.34
220,2023-10-13,0,"James Wagner","Middle East","Shirt I",Accessories,619.71,1,619.71
220,2023-10-13,0,"James Wagner","Middle East","Bag R",Beauty,61.28,3,183.84
221,2025-03-08,0,"James Greer","Middle East","Shoes D",Home,858.32,3,2574.96
221,2025-03-08,0,"James Greer","Middle East","Watch Y",Footwear,528.68,3,1586.04
221,2025-03-08,0,"James Greer","Middle East","Bag Q",Beauty,810.60,5,4053.00
222,2023-12-14,1,"Ann Cochran","South America","Laptop V",Footwear,101.30,4,405.20
222,2023-12-14,1,"Ann Cochran","South America","Shirt H",Electronics,422.95,1,422.95
222,2023-12-14,1,"Ann Cochran","South America","Bag P",Accessories,632.27,3,1896.81
222,2023-12-14,1,"Ann Cochran","South America","Watch W",Home,285.27,4,1141.08
223,2025-03-27,0,"Michael Phillips",Oceania,"Shirt L",Footwear,396.44,5,1982.20
224,2024-04-08,0,"Brenda Poole",Oceania,"Smartphone U",Footwear,642.34,2,1284.68
224,2024-04-08,0,"Brenda Poole",Oceania,"Shoes O",Home,27.32,3,81.96
226,2024-07-09,0,"Angela Jensen","Africa North","Laptop J",Electronics,870.61,3,2611.83
226,2024-07-09,0,"Angela Jensen","Africa North","Watch M",Beauty,979.92,5,4899.60
226,2024-07-09,0,"Angela Jensen","Africa North","Shoes H",Electronics,333.56,3,1000.68
226,2024-07-09,0,"Angela Jensen","Africa North","Watch N",Home,743.34,2,1486.68
228,2023-08-06,0,"Kathleen Ray","Africa South","Bag F",Electronics,734.91,1,734.91
229,2025-02-07,0,"Jimmy Weber","Europe West","Bag F",Electronics,734.91,1,734.91
229,2025-02-07,0,"Jimmy Weber","Europe West","Bag H",Accessories,534.44,4,2137.76
230,2025-01-03,1,"Matthew Smith","North America","Watch B",Beauty,390.71,4,1562.84
230,2025-01-03,1,"Matthew Smith","North America","Shirt U",Footwear,660.98,2,1321.96
231,2023-05-03,1,"Terry Parsons","Asia East","Shoes H",Electronics,333.56,2,667.12
231,2023-05-03,1,"Terry Parsons","Asia East","Watch E",Beauty,172.54,5,862.70
232,2024-04-13,0,"Kevin Norris","North America","Bag P",Clothing,993.52,4,3974.08
232,2024-04-13,0,"Kevin Norris","North America","Bag T",Accessories,336.76,5,1683.80
232,2024-04-13,0,"Kevin Norris","North America","Shirt F",Electronics,90.60,4,362.40
235,2024-03-21,0,"Angela Mendoza","Asia East","Shirt G",Accessories,250.09,5,1250.45
236,2024-05-29,0,"Nancy Shepherd","Europe Central","Bag R",Beauty,61.28,1,61.28
236,2024-05-29,0,"Nancy Shepherd","Europe Central","Smartphone K",Electronics,627.73,4,2510.92
236,2024-05-29,0,"Nancy Shepherd","Europe Central","Laptop S",Clothing,68.27,1,68.27
237,2024-10-15,1,"Melissa Gonzalez","Europe Central","Shirt L",Electronics,707.91,5,3539.55
237,2024-10-15,1,"Melissa Gonzalez","Europe Central","Shoes L",Clothing,369.50,4,1478.00
238,2024-07-16,0,"Melissa Gonzalez","Europe Central","Bag J",Footwear,368.89,2,737.78
238,2024-07-16,0,"Melissa Gonzalez","Europe Central","Shirt T",Accessories,516.07,4,2064.28
239,2023-11-06,0,"Michelle Pope",Oceania,"Bag Y",Home,834.71,3,2504.13
239,2023-11-06,0,"Michelle Pope",Oceania,"Shirt R",Accessories,587.01,2,1174.02
240,2024-03-28,0,"Angela Jensen","Africa North","Shirt C",Beauty,645.47,2,1290.94
242,2023-10-15,0,"Lori Bray","Asia East","Bag T",Accessories,336.76,4,1347.04
242,2023-10-15,0,"Lori Bray","Asia East","Shoes X",Accessories,117.17,1,117.17
243,2024-09-28,1,"Ann Cochran","South America","Shirt G",Electronics,464.42,3,1393.26
244,2023-06-21,1,"Tracie Waters","Africa South","Shirt R",Clothing,40.47,1,40.47
245,2023-08-24,0,"David Blankenship","Africa North","Laptop S",Beauty,204.37,2,408.74
245,2023-08-24,0,"David Blankenship","Africa North","Bag E",Footwear,912.75,3,2738.25
245,2023-08-24,0,"David Blankenship","Africa North","Shirt G",Electronics,464.42,2,928.84
245,2023-08-24,0,"David Blankenship","Africa North","Bag E",Footwear,912.75,3,2738.25
246,2024-08-06,0,"Michael Padilla","Africa North","Shirt C",Beauty,645.47,1,645.47
247,2024-11-11,0,"Chad Ramirez","Asia South","Bag E",Footwear,912.75,2,1825.50
247,2024-11-11,0,"Chad Ramirez","Asia South","Laptop Y",Accessories,651.21,2,1302.42
247,2024-11-11,0,"Chad Ramirez","Asia South","Laptop X",Electronics,568.48,5,2842.40
247,2024-11-11,0,"Chad Ramirez","Asia South","Smartphone M",Clothing,938.56,5,4692.80
248,2023-10-04,1,"Virginia Best",Oceania,"Shirt Q",Electronics,142.49,1,142.49
248,2023-10-04,1,"Virginia Best",Oceania,"Bag T",Accessories,615.95,1,615.95
249,2024-07-22,0,"Jeremy Booth",Oceania,"Shirt C",Beauty,645.47,3,1936.41
249,2024-07-22,0,"Jeremy Booth",Oceania,"Laptop W",Electronics,316.69,4,1266.76
250,2025-02-14,1,"Paul Jackson","Asia East","Shirt Z",Home,854.04,3,2562.12
250,2025-02-14,1,"Paul Jackson","Asia East","Laptop V",Footwear,101.30,3,303.90
251,2024-11-23,0,"Michael Wang","South America","Bag T",Accessories,336.76,3,1010.28
251,2024-11-23,0,"Michael Wang","South America","Shirt D",Home,891.21,3,2673.63
252,2023-04-26,0,"Lisa Sheppard","Asia East","Watch Y",Footwear,528.68,1,528.68
252,2023-04-26,0,"Lisa Sheppard","Asia East","Shoes C",Clothing,141.88,5,709.40
253,2023-11-10,0,"Debra Brooks","Africa South","Watch Q",Electronics,63.41,1,63.41
255,2024-04-23,0,"Carol Burton","Asia East","Shirt O",Footwear,363.09,1,363.09
256,2023-10-25,1,"Andrew Quinn","Africa South","Bag P",Accessories,632.27,2,1264.54
257,2024-03-09,0,"Nathan Roy","North America","Smartphone M",Clothing,938.56,3,2815.68
258,2023-09-15,1,"Kevin Scott","Africa South","Smartphone O",Home,217.88,1,217.88
258,2023-09-15,1,"Kevin Scott","Africa South","Shirt H",Electronics,422.95,5,2114.75
258,2023-09-15,1,"Kevin Scott","Africa South","Shirt L",Electronics,707.91,3,2123.73
258,2023-09-15,1,"Kevin Scott","Africa South","Bag P",Clothing,993.52,3,2980.56
259,2025-01-13,1,"Christopher Burgess","Africa South","Smartphone G",Electronics,729.92,5,3649.60
259,2025-01-13,1,"Christopher Burgess","Africa South","Shirt L",Footwear,396.44,4,1585.76
260,2024-09-25,1,"Debra Brooks","Africa South","Watch U",Clothing,760.93,1,760.93
260,2024-09-25,1,"Debra Brooks","Africa South","Watch G",Electronics,690.67,4,2762.68
260,2024-09-25,1,"Debra Brooks","Africa South","Shirt L",Electronics,707.91,4,2831.64
260,2024-09-25,1,"Debra Brooks","Africa South","Shirt Q",Beauty,400.46,3,1201.38
261,2025-03-27,0,"Thomas Lewis","Europe West","Smartphone O",Home,217.88,1,217.88
262,2024-03-06,0,"Robert Bond",Oceania,"Laptop W",Beauty,345.58,3,1036.74
262,2024-03-06,0,"Robert Bond",Oceania,"Shoes K",Footwear,114.49,3,343.47
262,2024-03-06,0,"Robert Bond",Oceania,"Bag P",Accessories,632.27,3,1896.81
262,2024-03-06,0,"Robert Bond",Oceania,"Laptop Y",Accessories,651.21,3,1953.63
263,2023-09-06,0,"Richard Robles","Asia East","Bag R",Beauty,61.28,3,183.84
264,2025-02-25,0,"Cynthia Rogers","Europe West","Smartphone N",Footwear,640.31,3,1920.93
265,2025-03-24,0,"Matthew Acevedo","South America","Bag H",Accessories,534.44,2,1068.88
265,2025-03-24,0,"Matthew Acevedo","South America","Watch Q",Electronics,63.41,5,317.05
265,2025-03-24,0,"Matthew Acevedo","South America","Watch J",Beauty,277.91,1,277.91
265,2025-03-24,0,"Matthew Acevedo","South America","Watch B",Beauty,390.71,4,1562.84
267,2023-11-03,1,"Virginia Best",Oceania,"Shoes J",Clothing,770.29,3,2310.87
267,2023-11-03,1,"Virginia Best",Oceania,"Laptop S",Beauty,204.37,2,408.74
267,2023-11-03,1,"Virginia Best",Oceania,"Laptop V",Footwear,101.30,3,303.90
268,2023-06-09,0,"Richard Robles","Asia East","Shirt G",Accessories,250.09,1,250.09
269,2024-01-28,0,"Michael Padilla","Africa North","Smartphone Z",Beauty,527.04,3,1581.12
270,2025-02-11,0,"James Case","Europe Central","Smartphone M",Clothing,938.56,4,3754.24
270,2025-02-11,0,"James Case","Europe Central","Smartphone P",Accessories,784.97,4,3139.88
271,2024-10-31,0,"Donna Chandler","Africa North","Watch A",Footwear,230.74,5,1153.70
271,2024-10-31,0,"Donna Chandler","Africa North","Laptop C",Electronics,520.15,1,520.15
272,2023-11-25,0,"Matthew Young","Africa South","Shoes M",Footwear,208.93,2,417.86
272,2023-11-25,0,"Matthew Young","Africa South","Shirt S",Home,821.35,5,4106.75
274,2024-07-30,0,"William Thompson",Oceania,"Shirt G",Electronics,464.42,2,928.84
274,2024-07-30,0,"William Thompson",Oceania,"Shirt C",Beauty,645.47,4,2581.88
274,2024-07-30,0,"William Thompson",Oceania,"Shoes X",Accessories,117.17,2,234.34
275,2024-09-10,0,"Paul Jackson","Asia East","Bag J",Footwear,368.89,2,737.78
275,2024-09-10,0,"Paul Jackson","Asia East","Shirt T",Accessories,516.07,2,1032.14
275,2024-09-10,0,"Paul Jackson","Asia East","Watch G",Electronics,690.67,3,2072.01
275,2024-09-10,0,"Paul Jackson","Asia East","Shirt Z",Home,854.04,5,4270.20
276,2024-09-02,0,"Melanie Davis","Asia East","Watch F",Electronics,805.81,4,3223.24
276,2024-09-02,0,"Melanie Davis","Asia East","Shoes L",Clothing,369.50,1,369.50
276,2024-09-02,0,"Melanie Davis","Asia East","Watch G",Electronics,690.67,5,3453.35
276,2024-09-02,0,"Melanie Davis","Asia East","Watch A",Footwear,230.74,2,461.48
276,2024-09-02,0,"Melanie Davis","Asia East","Watch B",Beauty,703.73,4,2814.92
276,2024-09-02,0,"Melanie Davis","Asia East","Shoes M",Footwear,208.93,3,626.79
276,2024-09-02,0,"Melanie Davis","Asia East","Bag F",Electronics,734.91,5,3674.55
277,2024-03-20,1,"Emily Crane","Europe Central","Bag Y",Home,834.71,2,1669.42
277,2024-03-20,1,"Emily Crane","Europe Central","Watch P",Clothing,285.01,3,855.03
277,2024-03-20,1,"Emily Crane","Europe Central","Smartphone U",Footwear,642.34,2,1284.68
277,2024-03-20,1,"Emily Crane","Europe Central","Shirt G",Electronics,464.42,2,928.84
277,2024-03-20,1,"Emily Crane","Europe Central","Bag T",Accessories,615.95,4,2463.80
277,2024-03-20,1,"Emily Crane","Europe Central","Smartphone N",Footwear,640.31,4,2561.24
278,2024-09-14,0,"Melissa Gonzalez","Europe Central","Watch N",Home,743.34,3,2230.02
279,2023-09-08,0,"Jacob Wells","Europe Central","Bag P",Clothing,993.52,2,1987.04
279,2023-09-08,0,"Jacob Wells","Europe Central","Watch C",Electronics,235.84,3,707.52
280,2024-12-15,0,"Mary Henderson",Oceania,"Shoes J",Clothing,770.29,1,770.29
281,2023-08-08,0,"Leon Banks","Africa North","Shoes L",Clothing,403.36,4,1613.44
282,2024-11-03,0,"Kevin Scott","Africa South","Bag K",Electronics,46.30,3,138.90
283,2025-04-01,0,"Lacey Ross",Oceania,"Laptop Y",Accessories,651.21,1,651.21
283,2025-04-01,0,"Lacey Ross",Oceania,"Watch G",Electronics,690.67,4,2762.68
284,2024-04-07,0,"Ashley Bates","Asia East","Smartphone N",Footwear,640.31,5,3201.55
284,2024-04-07,0,"Ashley Bates","Asia East","Smartphone O",Electronics,219.23,3,657.69
284,2024-04-07,0,"Ashley Bates","Asia East","Bag T",Electronics,256.97,3,770.91
284,2024-04-07,0,"Ashley Bates","Asia East","Smartphone I",Accessories,627.72,4,2510.88
285,2024-08-21,1,"Wendy Hunt","Africa North","Shirt S",Home,821.35,5,4106.75
285,2024-08-21,1,"Wendy Hunt","Africa North","Watch B",Beauty,703.73,3,2111.19
285,2024-08-21,1,"Wendy Hunt","Africa North","Bag Y",Home,834.71,5,4173.55
285,2024-08-21,1,"Wendy Hunt","Africa North","Shirt G",Electronics,464.42,1,464.42
286,2024-04-20,1,"Tracie Waters","Africa South","Shirt Q",Electronics,142.49,4,569.96
287,2023-07-07,0,"James Wolfe","Asia South","Shoes N",Home,407.69,3,1223.07
287,2023-07-07,0,"James Wolfe","Asia South","Watch C",Electronics,235.84,3,707.52
287,2023-07-07,0,"James Wolfe","Asia South","Watch U",Electronics,676.79,1,676.79
287,2023-07-07,0,"James Wolfe","Asia South","Bag K",Electronics,46.30,1,46.30
288,2024-01-23,0,"Michael Castro","Europe Central","Shoes L",Clothing,369.50,3,1108.50
288,2024-01-23,0,"Michael Castro","Europe Central","Laptop V",Home,209.60,5,1048.00
289,2024-01-18,1,"Kevin Sanford","Asia South","Watch W",Home,285.27,5,1426.35
289,2024-01-18,1,"Kevin Sanford","Asia South","Shirt S",Home,821.35,1,821.35
289,2024-01-18,1,"Kevin Sanford","Asia South","Shoes X",Accessories,123.14,1,123.14
289,2024-01-18,1,"Kevin Sanford","Asia South","Shoes O",Home,27.32,4,109.28
290,2023-09-18,0,"Brian Smith","Africa North","Shirt G",Electronics,464.42,4,1857.68
290,2023-09-18,0,"Brian Smith","Africa North","Bag K",Electronics,46.30,5,231.50
290,2023-09-18,0,"Brian Smith","Africa North","Watch V",Beauty,93.71,1,93.71
292,2023-08-18,0,"Austin Gordon","South America","Shoes M",Footwear,208.93,2,417.86
292,2023-08-18,0,"Austin Gordon","South America","Smartphone O",Home,217.88,1,217.88
292,2023-08-18,0,"Austin Gordon","South America","Smartphone I",Footwear,207.24,3,621.72
292,2023-08-18,0,"Austin Gordon","South America","Smartphone Z",Beauty,527.04,1,527.04
292,2023-08-18,0,"Austin Gordon","South America","Shirt F",Electronics,90.60,3,271.80
292,2023-08-18,0,"Austin Gordon","South America","Laptop W",Beauty,345.58,2,691.16
292,2023-08-18,0,"Austin Gordon","South America","Bag I",Home,674.20,3,2022.60
293,2024-05-04,0,"Michael Wang","South America","Watch F",Electronics,256.94,4,1027.76
294,2025-01-31,1,"Richard Alexander","Africa South","Shirt Z",Home,854.04,3,2562.12
294,2025-01-31,1,"Richard Alexander","Africa South","Shoes C",Clothing,141.88,3,425.64
295,2024-10-15,1,"Wendy Hunt","Africa North","Laptop S",Beauty,204.37,2,408.74
295,2024-10-15,1,"Wendy Hunt","Africa North","Shirt D",Home,891.21,5,4456.05
296,2023-06-29,1,"Brian Smith","Africa North","Watch N",Electronics,501.21,4,2004.84
296,2023-06-29,1,"Brian Smith","Africa North","Watch U",Electronics,676.79,5,3383.95
297,2023-12-11,0,"David Blankenship","Africa North","Smartphone O",Electronics,219.23,2,438.46
297,2023-12-11,0,"David Blankenship","Africa North","Smartphone G",Electronics,729.92,4,2919.68
299,2024-04-20,0,"Diana Escobar","Asia East","Shoes M",Footwear,208.93,2,417.86
299,2024-04-20,0,"Diana Escobar","Asia East","Shirt D",Home,637.06,3,1911.18
299,2024-04-20,0,"Diana Escobar","Asia East","Shirt L",Electronics,707.91,4,2831.64
300,2024-03-19,1,"Lindsay Taylor","Middle East","Watch J",Beauty,277.91,2,555.82
300,2024-03-19,1,"Lindsay Taylor","Middle East","Watch M",Home,54.22,1,54.22
301,2024-01-16,0,"Stephanie Smith","Africa South","Watch Q",Electronics,63.41,3,190.23
301,2024-01-16,0,"Stephanie Smith","Africa South","Shoes L",Clothing,369.50,1,369.50
301,2024-01-16,0,"Stephanie Smith","Africa South","Laptop J",Electronics,870.61,4,3482.44
302,2024-07-05,1,"Dr. Anthony Jones PhD",Oceania,"Shirt Q",Beauty,400.46,5,2002.30
302,2024-07-05,1,"Dr. Anthony Jones PhD",Oceania,"Smartphone Z",Beauty,527.04,2,1054.08
302,2024-07-05,1,"Dr. Anthony Jones PhD",Oceania,"Shoes X",Accessories,117.17,4,468.68
302,2024-07-05,1,"Dr. Anthony Jones PhD",Oceania,"Shirt Z",Home,177.34,3,532.02
303,2023-05-29,0,"Tracie Waters","Africa South","Shoes E",Electronics,467.31,1,467.31
304,2023-08-24,0,"Pamela Miranda MD","Africa North","Watch P",Clothing,285.01,2,570.02
304,2023-08-24,0,"Pamela Miranda MD","Africa North","Laptop S",Beauty,204.37,2,408.74
304,2023-08-24,0,"Pamela Miranda MD","Africa North","Laptop Y",Accessories,651.21,2,1302.42
304,2023-08-24,0,"Pamela Miranda MD","Africa North","Laptop S",Clothing,68.27,5,341.35
305,2024-10-22,0,"Christian Edwards","South America","Watch C",Electronics,235.84,2,471.68
305,2024-10-22,0,"Christian Edwards","South America","Shoes K",Footwear,114.49,2,228.98
306,2024-08-20,0,"Cynthia Donaldson",Oceania,"Shirt Z",Home,177.34,2,354.68
306,2024-08-20,0,"Cynthia Donaldson",Oceania,"Bag K",Electronics,46.30,1,46.30
306,2024-08-20,0,"Cynthia Donaldson",Oceania,"Shirt H",Electronics,422.95,5,2114.75
306,2024-08-20,0,"Cynthia Donaldson",Oceania,"Shirt D",Home,891.21,1,891.21
306,2024-08-20,0,"Cynthia Donaldson",Oceania,"Bag Y",Home,834.71,4,3338.84
307,2024-12-16,0,"Sara English","Europe West","Smartphone A",Accessories,334.61,2,669.22
308,2024-10-06,0,"Marilyn Taylor","Europe West","Laptop S",Beauty,204.37,5,1021.85
308,2024-10-06,0,"Marilyn Taylor","Europe West","Shoes H",Electronics,333.56,1,333.56
309,2025-01-29,1,"James Wolfe","Asia South","Smartphone U",Footwear,642.34,2,1284.68
309,2025-01-29,1,"James Wolfe","Asia South","Bag S",Footwear,487.92,2,975.84
310,2024-12-18,0,"Paul Jackson","Asia East","Watch E",Beauty,172.54,2,345.08
310,2024-12-18,0,"Paul Jackson","Asia East","Smartphone G",Electronics,729.92,1,729.92
311,2024-08-08,0,"Derrick Carter","Middle East","Shoes E",Electronics,467.31,3,1401.93
311,2024-08-08,0,"Derrick Carter","Middle East","Smartphone O",Home,217.88,1,217.88
312,2023-06-05,0,"Katherine Fox",Oceania,"Shoes H",Electronics,333.56,4,1334.24
312,2023-06-05,0,"Katherine Fox",Oceania,"Laptop W",Beauty,345.58,5,1727.90
313,2023-04-22,0,"James Wagner","Middle East","Laptop V",Footwear,101.30,3,303.90
313,2023-04-22,0,"James Wagner","Middle East","Watch U",Electronics,676.79,1,676.79
314,2024-06-20,0,"Cameron Fields","Europe Central","Shoes N",Home,407.69,4,1630.76
314,2024-06-20,0,"Cameron Fields","Europe Central","Watch U",Electronics,676.79,4,2707.16
316,2025-03-09,0,"Kathleen Ray","Africa South","Shirt G",Accessories,250.09,2,500.18
317,2024-01-18,0,"Jennifer Love","North America","Watch V",Beauty,93.71,3,281.13
317,2024-01-18,0,"Jennifer Love","North America","Shirt D",Home,637.06,5,3185.30
317,2024-01-18,0,"Jennifer Love","North America","Bag R",Beauty,61.28,2,122.56
317,2024-01-18,0,"Jennifer Love","North America","Shoes N",Home,407.69,5,2038.45
318,2024-04-27,1,"Angela Mendoza","Asia East","Laptop W",Electronics,316.69,2,633.38
319,2023-05-11,0,"Susan Phelps",Oceania,"Shirt R",Clothing,40.47,2,80.94
319,2023-05-11,0,"Susan Phelps",Oceania,"Smartphone O",Electronics,219.23,4,876.92
319,2023-05-11,0,"Susan Phelps",Oceania,"Shirt R",Accessories,587.01,2,1174.02
320,2024-10-07,0,"Mary Jensen",Oceania,"Smartphone O",Home,217.88,3,653.64
320,2024-10-07,0,"Mary Jensen",Oceania,"Watch M",Home,54.22,1,54.22
322,2023-06-21,0,"Diana Escobar","Asia East","Laptop V",Footwear,101.30,2,202.60
322,2023-06-21,0,"Diana Escobar","Asia East","Shoes H",Home,706.78,5,3533.90
322,2023-06-21,0,"Diana Escobar","Asia East","Shoes X",Accessories,117.17,1,117.17
323,2023-07-13,0,"Kathleen Ray","Africa South","Bag P",Accessories,632.27,3,1896.81
324,2023-06-13,0,"Tracie Waters","Africa South","Shirt Q",Electronics,142.49,4,569.96
324,2023-06-13,0,"Tracie Waters","Africa South","Watch W",Home,285.27,3,855.81
324,2023-06-13,0,"Tracie Waters","Africa South","Watch W",Home,285.27,5,1426.35
324,2023-06-13,0,"Tracie Waters","Africa South","Smartphone U",Footwear,642.34,2,1284.68
325,2024-02-10,1,"Nancy Shepherd","Europe Central","Shirt D",Home,891.21,3,2673.63
325,2024-02-10,1,"Nancy Shepherd","Europe Central","Shoes D",Home,858.32,5,4291.60
327,2024-04-14,0,"April Greene","Africa North","Bag K",Electronics,46.30,5,231.50
327,2024-04-14,0,"April Greene","Africa North","Bag F",Electronics,734.91,3,2204.73
328,2023-10-12,1,"Debra Brooks","Africa South","Watch V",Beauty,343.84,3,1031.52
328,2023-10-12,1,"Debra Brooks","Africa South","Smartphone D",Accessories,107.03,5,535.15
328,2023-10-12,1,"Debra Brooks","Africa South","Shoes D",Home,858.32,4,3433.28
329,2024-04-25,1,"Michael Lee","North America","Bag E",Footwear,912.75,2,1825.50
329,2024-04-25,1,"Michael Lee","North America","Shoes O",Home,27.32,2,54.64
329,2024-04-25,1,"Michael Lee","North America","Shirt U",Footwear,660.98,2,1321.96
329,2024-04-25,1,"Michael Lee","North America","Shirt Q",Beauty,400.46,1,400.46
330,2024-10-17,0,"Lisa Ball","North America","Smartphone I",Footwear,207.24,5,1036.20
331,2024-10-03,1,"Kelly Mcneil","Asia East","Laptop S",Beauty,204.37,2,408.74
332,2025-03-14,0,"Matthew Sanders","Africa North","Shoes C",Clothing,141.88,2,283.76
332,2025-03-14,0,"Matthew Sanders","Africa North","Smartphone N",Footwear,640.31,4,2561.24
332,2025-03-14,0,"Matthew Sanders","Africa North","Shoes C",Clothing,141.88,2,283.76
333,2023-09-13,1,"Austin Gordon","South America","Bag T",Accessories,336.76,1,336.76
333,2023-09-13,1,"Austin Gordon","South America","Smartphone M",Clothing,938.56,1,938.56
334,2023-06-30,1,"Maureen Sanchez","North America","Watch A",Footwear,230.74,4,922.96
334,2023-06-30,1,"Maureen Sanchez","North America","Shirt H",Electronics,422.95,2,845.90
335,2023-12-25,0,"Tyler Gibson",Oceania,"Smartphone G",Electronics,729.92,2,1459.84
335,2023-12-25,0,"Tyler Gibson",Oceania,"Bag K",Electronics,46.30,3,138.90
335,2023-12-25,0,"Tyler Gibson",Oceania,"Shirt Z",Home,854.04,5,4270.20
336,2024-01-26,0,"David Blankenship","Africa North","Watch Y",Footwear,528.68,2,1057.36
336,2024-01-26,0,"David Blankenship","Africa North","Bag J",Footwear,368.89,3,1106.67
336,2024-01-26,0,"David Blankenship","Africa North","Smartphone D",Accessories,107.03,2,214.06
336,2024-01-26,0,"David Blankenship","Africa North","Bag Y",Home,834.71,5,4173.55
337,2024-04-07,0,"Sarah Shepherd","North America","Laptop W",Beauty,345.58,1,345.58
337,2024-04-07,0,"Sarah Shepherd","North America","Watch N",Electronics,501.21,5,2506.05
337,2024-04-07,0,"Sarah Shepherd","North America","Shoes M",Footwear,208.93,1,208.93
337,2024-04-07,0,"Sarah Shepherd","North America","Smartphone P",Accessories,784.97,3,2354.91
338,2023-05-11,1,"Paige Evans","North America","Smartphone P",Accessories,784.97,1,784.97
338,2023-05-11,1,"Paige Evans","North America","Smartphone Z",Beauty,527.04,3,1581.12
338,2023-05-11,1,"Paige Evans","North America","Shirt G",Electronics,464.42,4,1857.68
340,2024-01-15,0,"Pamela Jones","Europe Central","Smartphone O",Home,217.88,4,871.52
342,2023-12-18,0,"Robert Snyder","Middle East","Shirt Q",Electronics,142.49,4,569.96
342,2023-12-18,0,"Robert Snyder","Middle East","Shirt D",Home,637.06,1,637.06
343,2023-06-03,0,"Debra Brooks","Africa South","Bag P",Accessories,632.27,1,632.27
344,2024-09-13,0,"Debra Brooks","Africa South","Shirt U",Footwear,660.98,5,3304.90
344,2024-09-13,0,"Debra Brooks","Africa South","Bag T",Accessories,336.76,3,1010.28
345,2024-12-05,0,"Joseph Hardy","Asia South","Watch U",Clothing,760.93,1,760.93
345,2024-12-05,0,"Joseph Hardy","Asia South","Shoes C",Clothing,141.88,3,425.64
345,2024-12-05,0,"Joseph Hardy","Asia South","Smartphone K",Electronics,627.73,4,2510.92
345,2024-12-05,0,"Joseph Hardy","Asia South","Watch G",Electronics,690.67,5,3453.35
346,2024-07-23,0,"Kristen Rose","North America","Shoes N",Home,407.69,2,815.38
347,2024-03-01,0,"Elizabeth Anderson","South America","Watch M",Beauty,979.92,4,3919.68
348,2023-12-02,0,"Melissa Barton","Europe West","Smartphone O",Home,217.88,2,435.76
349,2023-04-18,0,"Mary Gilmore","Africa North","Shoes H",Electronics,333.56,1,333.56
351,2024-07-04,1,"Ernest Jensen","North America","Watch A",Footwear,230.74,3,692.22
351,2024-07-04,1,"Ernest Jensen","North America","Shirt W",Clothing,470.00,3,1410.00
351,2024-07-04,1,"Ernest Jensen","North America","Laptop J",Electronics,870.61,1,870.61
352,2023-05-30,0,"Derrick Carter","Middle East","Bag Q",Beauty,810.60,5,4053.00
352,2023-05-30,0,"Derrick Carter","Middle East","Watch J",Beauty,277.91,3,833.73
352,2023-05-30,0,"Derrick Carter","Middle East","Laptop V",Home,209.60,5,1048.00
353,2024-05-20,0,"Pamela Miranda MD","Africa North","Shoes R",Footwear,770.25,4,3081.00
353,2024-05-20,0,"Pamela Miranda MD","Africa North","Watch N",Electronics,501.21,1,501.21
355,2025-03-05,0,"James Gonzalez","Africa South","Shirt A",Footwear,420.58,5,2102.90
355,2025-03-05,0,"James Gonzalez","Africa South","Bag Y",Home,834.71,5,4173.55
355,2025-03-05,0,"James Gonzalez","Africa South","Shirt L",Electronics,707.91,4,2831.64
355,2025-03-05,0,"James Gonzalez","Africa South","Shirt G",Electronics,464.42,2,928.84
355,2025-03-05,0,"James Gonzalez","Africa South","Laptop Y",Accessories,651.21,2,1302.42
357,2024-01-22,0,"Richard Robles","Asia East","Shoes C",Clothing,141.88,1,141.88
357,2024-01-22,0,"Richard Robles","Asia East","Smartphone A",Accessories,334.61,4,1338.44
357,2024-01-22,0,"Richard Robles","Asia East","Shirt Z",Home,854.04,2,1708.08
357,2024-01-22,0,"Richard Robles","Asia East","Shirt D",Home,637.06,4,2548.24
358,2024-07-09,1,"Kevin Sanford","Asia South","Shirt T",Accessories,516.07,1,516.07
358,2024-07-09,1,"Kevin Sanford","Asia South","Shirt L",Electronics,707.91,2,1415.82
358,2024-07-09,1,"Kevin Sanford","Asia South","Shirt F",Electronics,90.60,4,362.40
359,2025-01-02,0,"Brenda Poole",Oceania,"Shirt C",Beauty,645.47,1,645.47
359,2025-01-02,0,"Brenda Poole",Oceania,"Smartphone G",Electronics,729.92,2,1459.84
359,2025-01-02,0,"Brenda Poole",Oceania,"Shoes M",Footwear,208.93,4,835.72
360,2023-08-22,0,"Margaret Horton","Africa South","Bag S",Footwear,487.92,2,975.84
360,2023-08-22,0,"Margaret Horton","Africa South","Shoes H",Home,706.78,2,1413.56
360,2023-08-22,0,"Margaret Horton","Africa South","Bag J",Footwear,368.89,3,1106.67
361,2023-08-19,0,"Jimmy Weber","Europe West","Shoes H",Home,706.78,2,1413.56
361,2023-08-19,0,"Jimmy Weber","Europe West","Watch N",Electronics,501.21,3,1503.63
361,2023-08-19,0,"Jimmy Weber","Europe West","Smartphone Z",Beauty,527.04,5,2635.20
361,2023-08-19,0,"Jimmy Weber","Europe West","Shirt G",Electronics,464.42,2,928.84
362,2024-10-27,0,"Steve Cooke","South America","Shoes X",Accessories,117.17,3,351.51
364,2024-02-15,0,"Sean Gallagher","South America","Watch W",Home,285.27,5,1426.35
364,2024-02-15,0,"Sean Gallagher","South America","Smartphone Z",Beauty,527.04,3,1581.12
364,2024-02-15,0,"Sean Gallagher","South America","Smartphone M",Clothing,938.56,4,3754.24
365,2024-04-08,0,"Nicholas Young","Europe West","Laptop V",Footwear,101.30,2,202.60
365,2024-04-08,0,"Nicholas Young","Europe West","Shirt L",Electronics,707.91,4,2831.64
366,2024-06-13,1,"Rhonda Sanchez PhD","South America","Watch F",Electronics,805.81,5,4029.05
369,2024-06-13,0,"Kimberly Ryan","Europe West","Watch A",Footwear,230.74,4,922.96
370,2023-11-28,0,"Rebecca Sutton","Europe West","Shirt F",Electronics,90.60,5,453.00
370,2023-11-28,0,"Rebecca Sutton","Europe West","Smartphone I",Accessories,627.72,4,2510.88
370,2023-11-28,0,"Rebecca Sutton","Europe West","Shirt K",Accessories,86.39,3,259.17
370,2023-11-28,0,"Rebecca Sutton","Europe West","Bag K",Electronics,46.30,5,231.50
371,2024-08-16,0,"Susan Phelps",Oceania,"Laptop B",Clothing,739.49,4,2957.96
372,2024-11-23,0,"Eric Campbell","Europe West","Watch V",Beauty,93.71,5,468.55
372,2024-11-23,0,"Eric Campbell","Europe West","Laptop W",Electronics,316.69,5,1583.45
373,2024-06-24,0,"Tamara Rojas","Europe Central","Shirt D",Home,637.06,5,3185.30
374,2025-01-28,0,"Erin Douglas","Asia East","Bag Y",Home,834.71,5,4173.55
374,2025-01-28,0,"Erin Douglas","Asia East","Smartphone I",Footwear,207.24,3,621.72
375,2024-05-18,1,"John Fisher","Asia East","Watch M",Home,54.22,4,216.88
375,2024-05-18,1,"John Fisher","Asia East","Laptop J",Electronics,870.61,2,1741.22
375,2024-05-18,1,"John Fisher","Asia East","Shirt Z",Home,854.04,1,854.04
377,2025-01-05,0,"Katherine Fox",Oceania,"Smartphone G",Electronics,729.92,3,2189.76
377,2025-01-05,0,"Katherine Fox",Oceania,"Bag P",Clothing,993.52,3,2980.56
379,2025-01-01,1,"Joseph Barber","Asia East","Shoes L",Clothing,403.36,5,2016.80
379,2025-01-01,1,"Joseph Barber","Asia East","Bag K",Electronics,46.30,1,46.30
379,2025-01-01,1,"Joseph Barber","Asia East","Watch N",Home,743.34,3,2230.02
379,2025-01-01,1,"Joseph Barber","Asia East","Watch P",Clothing,285.01,2,570.02
380,2024-10-18,0,"Anthony Harper","Asia East","Watch M",Beauty,979.92,3,2939.76
381,2024-09-22,0,"David Walker","Asia East","Shirt Q",Beauty,400.46,5,2002.30
381,2024-09-22,0,"David Walker","Asia East","Smartphone M",Clothing,938.56,1,938.56
381,2024-09-22,0,"David Walker","Asia East","Bag F",Electronics,734.91,2,1469.82
383,2025-02-08,1,"Anthony Fleming DDS","Middle East","Watch B",Beauty,390.71,2,781.42
383,2025-02-08,1,"Anthony Fleming DDS","Middle East","Shirt O",Footwear,363.09,3,1089.27
383,2025-02-08,1,"Anthony Fleming DDS","Middle East","Bag E",Footwear,912.75,2,1825.50
383,2025-02-08,1,"Anthony Fleming DDS","Middle East","Watch F",Electronics,256.94,5,1284.70
384,2024-12-22,0,"Kevin Norris","North America","Laptop C",Electronics,520.15,1,520.15
384,2024-12-22,0,"Kevin Norris","North America","Watch C",Electronics,235.84,4,943.36
384,2024-12-22,0,"Kevin Norris","North America","Shirt L",Electronics,707.91,3,2123.73
384,2024-12-22,0,"Kevin Norris","North America","Shirt D",Home,891.21,1,891.21
387,2023-10-24,0,"Pamela Lucero","North America","Bag H",Accessories,534.44,5,2672.20
387,2023-10-24,0,"Pamela Lucero","North America","Shoes J",Clothing,770.29,1,770.29
388,2023-07-22,0,"Justin Elliott","Asia East","Bag I",Home,674.20,5,3371.00
388,2023-07-22,0,"Justin Elliott","Asia East","Laptop V",Footwear,101.30,4,405.20
388,2023-07-22,0,"Justin Elliott","Asia East","Shoes C",Clothing,141.88,1,141.88
389,2023-07-20,0,"Joseph Barber","Asia East","Watch F",Electronics,256.94,1,256.94
389,2023-07-20,0,"Joseph Barber","Asia East","Shoes N",Home,407.69,2,815.38
389,2023-07-20,0,"Joseph Barber","Asia East","Bag T",Electronics,256.97,2,513.94
389,2023-07-20,0,"Joseph Barber","Asia East","Shoes J",Clothing,770.29,1,770.29
391,2024-11-20,0,"Eric Campbell","Europe West","Shirt O",Footwear,363.09,1,363.09
392,2024-03-22,0,"Justin Sanchez","Africa North","Bag Y",Home,834.71,2,1669.42
392,2024-03-22,0,"Justin Sanchez","Africa North","Shoes J",Clothing,770.29,3,2310.87
393,2023-06-29,0,"Robert Lopez","South America","Shoes E",Beauty,77.75,4,311.00
394,2024-11-08,1,"Emily Crane","Europe Central","Smartphone A",Accessories,334.61,2,669.22
395,2023-05-02,0,"Maureen Sanchez","North America","Watch J",Beauty,277.91,2,555.82
395,2023-05-02,0,"Maureen Sanchez","North America","Shoes O",Home,27.32,5,136.60
396,2024-08-03,0,"Robert Bond",Oceania,"Watch G",Electronics,690.67,4,2762.68
396,2024-08-03,0,"Robert Bond",Oceania,"Smartphone G",Electronics,729.92,5,3649.60
396,2024-08-03,0,"Robert Bond",Oceania,"Shoes J",Clothing,770.29,5,3851.45
397,2024-04-27,0,"Lisa Ball","North America","Bag T",Electronics,256.97,5,1284.85
398,2024-08-29,1,"Mrs. Cheyenne Wade MD","Africa South","Watch M",Beauty,979.92,2,1959.84
398,2024-08-29,1,"Mrs. Cheyenne Wade MD","Africa South","Bag E",Footwear,912.75,5,4563.75
398,2024-08-29,1,"Mrs. Cheyenne Wade MD","Africa South","Shirt T",Accessories,516.07,2,1032.14
401,2025-04-08,0,"Joshua Rush","Europe West","Watch Q",Electronics,63.41,3,190.23
404,2025-03-09,0,"Kathleen Ray","Africa South","Smartphone I",Footwear,207.24,4,828.96
404,2025-03-09,0,"Kathleen Ray","Africa South","Laptop S",Clothing,68.27,2,136.54
404,2025-03-09,0,"Kathleen Ray","Africa South","Bag E",Footwear,912.75,3,2738.25
406,2025-03-01,0,"Matthew Sanders","Africa North","Bag T",Accessories,336.76,4,1347.04
406,2025-03-01,0,"Matthew Sanders","Africa North","Shirt K",Accessories,86.39,1,86.39
408,2025-02-07,0,"Anthony Coleman","Africa North","Watch M",Beauty,979.92,5,4899.60
408,2025-02-07,0,"Anthony Coleman","Africa North","Bag P",Accessories,632.27,3,1896.81
408,2025-02-07,0,"Anthony Coleman","Africa North","Watch N",Electronics,501.21,2,1002.42
409,2024-10-14,0,"Jeremy Booth",Oceania,"Shirt T",Accessories,516.07,1,516.07
410,2023-08-28,0,"Dawn Fowler",Oceania,"Shoes L",Clothing,403.36,1,403.36
410,2023-08-28,0,"Dawn Fowler",Oceania,"Laptop J",Electronics,870.61,5,4353.05
411,2023-06-25,0,"Derrick Carter","Middle East","Smartphone N",Footwear,640.31,1,640.31
411,2023-06-25,0,"Derrick Carter","Middle East","Smartphone A",Accessories,334.61,2,669.22
412,2024-06-07,0,"Cole Day","South America","Watch W",Home,285.27,3,855.81
412,2024-06-07,0,"Cole Day","South America","Shoes C",Clothing,141.88,1,141.88
412,2024-06-07,0,"Cole Day","South America","Shirt G",Electronics,464.42,2,928.84
413,2024-04-02,0,"David Garcia II","Africa South","Watch C",Electronics,235.84,4,943.36
413,2024-04-02,0,"David Garcia II","Africa South","Shoes O",Home,27.32,3,81.96
415,2024-04-04,0,"Katherine Coleman","Europe Central","Shirt O",Footwear,363.09,3,1089.27
416,2024-06-02,0,"Debra Evans","Africa South","Smartphone U",Footwear,642.34,4,2569.36
416,2024-06-02,0,"Debra Evans","Africa South","Smartphone O",Electronics,219.23,5,1096.15
416,2024-06-02,0,"Debra Evans","Africa South","Bag Y",Home,834.71,2,1669.42
417,2024-05-30,0,"Lisa Ball","North America","Bag J",Footwear,368.89,5,1844.45
417,2024-05-30,0,"Lisa Ball","North America","Shoes K",Footwear,114.49,3,343.47
417,2024-05-30,0,"Lisa Ball","North America","Shirt K",Accessories,86.39,2,172.78
417,2024-05-30,0,"Lisa Ball","North America","Shirt G",Electronics,464.42,5,2322.10
418,2025-04-10,0,"Vincent Thomas","Europe West","Smartphone O",Home,217.88,4,871.52
418,2025-04-10,0,"Vincent Thomas","Europe West","Laptop Y",Accessories,651.21,5,3256.05
418,2025-04-10,0,"Vincent Thomas","Europe West","Bag P",Accessories,632.27,3,1896.81
419,2025-01-26,0,"Margaret Horton","Africa South","Laptop S",Beauty,204.37,1,204.37
419,2025-01-26,0,"Margaret Horton","Africa South","Watch E",Beauty,172.54,3,517.62
419,2025-01-26,0,"Margaret Horton","Africa South","Shirt L",Footwear,396.44,5,1982.20
419,2025-01-26,0,"Margaret Horton","Africa South","Watch Y",Footwear,528.68,3,1586.04
420,2024-03-13,0,"Kevin Diaz","South America","Shirt F",Electronics,90.60,2,181.20
420,2024-03-13,0,"Kevin Diaz","South America","Bag Y",Home,834.71,3,2504.13
422,2024-11-09,1,"Lindsay Taylor","Middle East","Shirt S",Home,821.35,1,821.35
423,2025-01-22,0,"Mary Jensen",Oceania,"Smartphone G",Electronics,729.92,1,729.92
424,2025-02-25,0,"David Watson","Asia South","Watch F",Electronics,256.94,2,513.88
424,2025-02-25,0,"David Watson","Asia South","Laptop C",Electronics,520.15,3,1560.45
424,2025-02-25,0,"David Watson","Asia South","Shoes X",Accessories,123.14,4,492.56
424,2025-02-25,0,"David Watson","Asia South","Watch M",Home,54.22,4,216.88
424,2025-02-25,0,"David Watson","Asia South","Shirt C",Beauty,645.47,3,1936.41
425,2023-06-14,0,"Debbie Copeland",Oceania,"Shirt L",Footwear,396.44,5,1982.20
425,2023-06-14,0,"Debbie Copeland",Oceania,"Watch N",Electronics,501.21,2,1002.42
425,2023-06-14,0,"Debbie Copeland",Oceania,"Bag F",Electronics,734.91,2,1469.82
425,2023-06-14,0,"Debbie Copeland",Oceania,"Laptop J",Electronics,870.61,2,1741.22
425,2023-06-14,0,"Debbie Copeland",Oceania,"Shirt R",Clothing,40.47,4,161.88
427,2024-11-28,0,"Erin Douglas","Asia East","Bag P",Clothing,993.52,3,2980.56
427,2024-11-28,0,"Erin Douglas","Asia East","Laptop C",Electronics,520.15,4,2080.60
427,2024-11-28,0,"Erin Douglas","Asia East","Shirt L",Electronics,707.91,2,1415.82
428,2025-03-21,0,"Christopher Gomez",Oceania,"Shoes N",Home,407.69,3,1223.07
430,2025-02-14,1,"Amanda Anderson","Middle East","Smartphone K",Electronics,627.73,4,2510.92
430,2025-02-14,1,"Amanda Anderson","Middle East","Shirt L",Footwear,396.44,3,1189.32
430,2025-02-14,1,"Amanda Anderson","Middle East","Shirt G",Electronics,464.42,5,2322.10
431,2024-12-27,0,"Amanda Anderson","Middle East","Watch U",Electronics,676.79,2,1353.58
431,2024-12-27,0,"Amanda Anderson","Middle East","Watch V",Beauty,93.71,5,468.55
432,2024-02-26,0,"Albert Johnson","Middle East","Smartphone U",Footwear,642.34,5,3211.70
432,2024-02-26,0,"Albert Johnson","Middle East","Smartphone N",Footwear,640.31,1,640.31
432,2024-02-26,0,"Albert Johnson","Middle East","Watch U",Clothing,760.93,5,3804.65
434,2024-06-08,1,"Marilyn Taylor","Europe West","Shoes D",Home,858.32,4,3433.28
434,2024-06-08,1,"Marilyn Taylor","Europe West","Watch F",Electronics,256.94,5,1284.70
435,2024-12-10,0,"Kevin Scott","Africa South","Shirt D",Home,891.21,2,1782.42
435,2024-12-10,0,"Kevin Scott","Africa South","Watch U",Electronics,676.79,3,2030.37
435,2024-12-10,0,"Kevin Scott","Africa South","Laptop C",Electronics,520.15,2,1040.30
437,2023-08-03,0,"Dawn Fowler",Oceania,"Bag T",Accessories,336.76,5,1683.80
437,2023-08-03,0,"Dawn Fowler",Oceania,"Smartphone G",Electronics,729.92,4,2919.68
437,2023-08-03,0,"Dawn Fowler",Oceania,"Shirt L",Electronics,707.91,4,2831.64
437,2023-08-03,0,"Dawn Fowler",Oceania,"Bag I",Home,674.20,2,1348.40
437,2023-08-03,0,"Dawn Fowler",Oceania,"Shirt T",Accessories,516.07,5,2580.35
437,2023-08-03,0,"Dawn Fowler",Oceania,"Smartphone I",Footwear,207.24,5,1036.20
437,2023-08-03,0,"Dawn Fowler",Oceania,"Watch F",Electronics,256.94,3,770.82
437,2023-08-03,0,"Dawn Fowler",Oceania,"Bag P",Accessories,632.27,5,3161.35
438,2023-09-06,0,"Thomas Lewis","Europe West","Shoes L",Clothing,369.50,5,1847.50
439,2024-01-16,0,"Rebecca Mccarty","Asia East","Shoes O",Home,27.32,4,109.28
439,2024-01-16,0,"Rebecca Mccarty","Asia East","Laptop S",Clothing,68.27,3,204.81
439,2024-01-16,0,"Rebecca Mccarty","Asia East","Shoes C",Clothing,141.88,4,567.52
439,2024-01-16,0,"Rebecca Mccarty","Asia East","Watch F",Electronics,805.81,4,3223.24
440,2023-05-10,1,"Christian Edwards","South America","Laptop V",Home,209.60,4,838.40
440,2023-05-10,1,"Christian Edwards","South America","Watch N",Electronics,501.21,3,1503.63
440,2023-05-10,1,"Christian Edwards","South America","Watch B",Beauty,703.73,5,3518.65
441,2024-05-07,0,"Alan Young","Africa North","Shirt Z",Home,854.04,3,2562.12
442,2024-02-17,0,"Pamela Jones","Europe Central","Shoes L",Clothing,403.36,1,403.36
442,2024-02-17,0,"Pamela Jones","Europe Central","Smartphone O",Home,217.88,1,217.88
443,2023-05-01,0,"James Wagner","Middle East","Shirt A",Footwear,420.58,1,420.58
443,2023-05-01,0,"James Wagner","Middle East","Shirt R",Clothing,40.47,4,161.88
444,2024-09-02,0,"Matthew Acevedo","South America","Watch G",Electronics,690.67,2,1381.34
445,2025-04-13,1,"David Blankenship","Africa North","Watch B",Beauty,703.73,4,2814.92
446,2023-12-22,0,"Joseph Hardy","Asia South","Shirt Q",Electronics,142.49,5,712.45
446,2023-12-22,0,"Joseph Hardy","Asia South","Watch W",Home,285.27,1,285.27
446,2023-12-22,0,"Joseph Hardy","Asia South","Bag P",Clothing,993.52,2,1987.04
446,2023-12-22,0,"Joseph Hardy","Asia South","Shirt R",Accessories,587.01,4,2348.04
447,2025-03-14,1,"Jenna Allen","Europe West","Laptop Y",Accessories,651.21,1,651.21
447,2025-03-14,1,"Jenna Allen","Europe West","Watch V",Beauty,93.71,4,374.84
447,2025-03-14,1,"Jenna Allen","Europe West","Smartphone K",Electronics,627.73,3,1883.19
448,2024-07-17,0,"Tamara Rojas","Europe Central","Watch V",Beauty,93.71,3,281.13
451,2024-06-05,0,"Lisa Sheppard","Asia East","Smartphone O",Home,217.88,4,871.52
451,2024-06-05,0,"Lisa Sheppard","Asia East","Shirt Q",Electronics,142.49,2,284.98
451,2024-06-05,0,"Lisa Sheppard","Asia East","Shoes L",Clothing,369.50,3,1108.50
452,2024-09-20,0,"James Greer","Middle East","Shirt G",Accessories,250.09,4,1000.36
453,2025-03-28,0,"Sean Gallagher","South America","Watch B",Beauty,703.73,5,3518.65
453,2025-03-28,0,"Sean Gallagher","South America","Watch U",Clothing,760.93,3,2282.79
454,2025-01-14,0,"Michelle Cortez","Middle East","Bag H",Accessories,534.44,5,2672.20
455,2024-10-14,1,"David Walker","Asia East","Watch Y",Footwear,528.68,5,2643.40
456,2023-11-16,1,"Chad Ramirez","Asia South","Watch F",Electronics,256.94,3,770.82
456,2023-11-16,1,"Chad Ramirez","Asia South","Watch M",Beauty,979.92,1,979.92
457,2023-04-17,0,"Kevin Diaz","South America","Laptop V",Home,209.60,1,209.60
457,2023-04-17,0,"Kevin Diaz","South America","Watch J",Beauty,277.91,2,555.82
457,2023-04-17,0,"Kevin Diaz","South America","Shirt H",Electronics,422.95,2,845.90
458,2023-09-28,1,"Jeremy Booth",Oceania,"Shoes N",Home,407.69,4,1630.76
458,2023-09-28,1,"Jeremy Booth",Oceania,"Shirt L",Footwear,396.44,4,1585.76
459,2024-11-01,0,"Kevin Norris","North America","Watch W",Home,285.27,4,1141.08
460,2025-03-25,0,"Terry Parsons","Asia East","Bag S",Footwear,487.92,1,487.92
461,2023-05-16,1,"Jenna Allen","Europe West","Bag Q",Beauty,810.60,5,4053.00
461,2023-05-16,1,"Jenna Allen","Europe West","Laptop W",Beauty,345.58,5,1727.90
461,2023-05-16,1,"Jenna Allen","Europe West","Laptop Y",Accessories,651.21,4,2604.84
462,2025-02-01,1,"Pamela Miranda MD","Africa North","Shoes C",Clothing,141.88,2,283.76
464,2024-11-15,0,"Kelly Mcneil","Asia East","Shirt C",Beauty,645.47,1,645.47
464,2024-11-15,0,"Kelly Mcneil","Asia East","Shoes C",Clothing,141.88,1,141.88
465,2025-01-19,1,"Cynthia Donaldson",Oceania,"Watch N",Home,743.34,1,743.34
465,2025-01-19,1,"Cynthia Donaldson",Oceania,"Bag K",Electronics,46.30,4,185.20
465,2025-01-19,1,"Cynthia Donaldson",Oceania,"Shirt G",Accessories,250.09,1,250.09
465,2025-01-19,1,"Cynthia Donaldson",Oceania,"Watch N",Electronics,501.21,1,501.21
465,2025-01-19,1,"Cynthia Donaldson",Oceania,"Smartphone K",Electronics,627.73,4,2510.92
465,2025-01-19,1,"Cynthia Donaldson",Oceania,"Shoes J",Clothing,770.29,5,3851.45
466,2025-04-08,0,"Mark Burns","North America","Watch U",Electronics,676.79,1,676.79
466,2025-04-08,0,"Mark Burns","North America","Laptop S",Beauty,204.37,1,204.37
467,2023-09-24,0,"Michael Castro","Europe Central","Watch F",Electronics,256.94,3,770.82
468,2023-08-21,0,"Ashley Bates","Asia East","Shirt T",Accessories,516.07,5,2580.35
468,2023-08-21,0,"Ashley Bates","Asia East","Shirt Q",Electronics,142.49,2,284.98
469,2024-06-17,0,"Sean Gallagher","South America","Laptop B",Clothing,739.49,1,739.49
470,2024-11-07,0,"Leon Banks","Africa North","Bag Y",Home,834.71,3,2504.13
470,2024-11-07,0,"Leon Banks","Africa North","Shoes J",Clothing,770.29,1,770.29
472,2023-10-19,0,"Christopher Burgess","Africa South","Watch Y",Footwear,528.68,2,1057.36
473,2025-04-02,1,"Jessica Smith",Oceania,"Shirt S",Home,821.35,2,1642.70
474,2024-05-06,0,"Ashley Bates","Asia East","Bag I",Home,674.20,2,1348.40
474,2024-05-06,0,"Ashley Bates","Asia East","Smartphone U",Footwear,642.34,2,1284.68
475,2024-07-19,0,"Ricky Cooper","Africa South","Shoes R",Footwear,770.25,5,3851.25
475,2024-07-19,0,"Ricky Cooper","Africa South","Shirt G",Electronics,464.42,3,1393.26
476,2023-09-15,0,"David Blankenship","Africa North","Watch M",Home,54.22,1,54.22
476,2023-09-15,0,"David Blankenship","Africa North","Shoes R",Footwear,770.25,3,2310.75
477,2024-05-25,1,"James Hall","Africa South","Bag Q",Beauty,810.60,1,810.60
478,2024-07-14,0,"Abigail Figueroa","Asia South","Smartphone M",Clothing,938.56,1,938.56
478,2024-07-14,0,"Abigail Figueroa","Asia South","Shirt W",Clothing,470.00,3,1410.00
478,2024-07-14,0,"Abigail Figueroa","Asia South","Watch N",Electronics,501.21,5,2506.05
479,2025-01-06,0,"Michael Lee","North America","Watch W",Home,285.27,3,855.81
479,2025-01-06,0,"Michael Lee","North America","Laptop S",Clothing,68.27,2,136.54
479,2025-01-06,0,"Michael Lee","North America","Shoes C",Clothing,141.88,4,567.52
480,2024-06-09,0,"Michael Wang","South America","Bag Y",Home,834.71,4,3338.84
480,2024-06-09,0,"Michael Wang","South America","Shirt H",Electronics,422.95,2,845.90
480,2024-06-09,0,"Michael Wang","South America","Smartphone I",Accessories,627.72,1,627.72
480,2024-06-09,0,"Michael Wang","South America","Watch U",Electronics,676.79,1,676.79
481,2023-05-25,0,"Michael Padilla","Africa North","Shoes M",Footwear,208.93,4,835.72
481,2023-05-25,0,"Michael Padilla","Africa North","Shirt C",Beauty,645.47,4,2581.88
481,2023-05-25,0,"Michael Padilla","Africa North","Bag Y",Home,834.71,4,3338.84
482,2024-10-19,0,"Abigail Figueroa","Asia South","Shoes L",Clothing,403.36,2,806.72
484,2025-02-26,0,"John Fisher","Asia East","Shoes O",Home,27.32,4,109.28
484,2025-02-26,0,"John Fisher","Asia East","Shoes E",Beauty,77.75,4,311.00
485,2025-04-02,1,"Matthew Williams","North America","Watch F",Electronics,256.94,3,770.82
485,2025-04-02,1,"Matthew Williams","North America","Watch J",Beauty,277.91,2,555.82
485,2025-04-02,1,"Matthew Williams","North America","Laptop V",Home,209.60,1,209.60
485,2025-04-02,1,"Matthew Williams","North America","Bag E",Footwear,912.75,1,912.75
486,2025-04-03,0,"Patrick Lang","Asia East","Shirt G",Electronics,464.42,4,1857.68
487,2024-09-05,0,"Michael Hughes","Europe West","Shirt Q",Beauty,400.46,1,400.46
487,2024-09-05,0,"Michael Hughes","Europe West","Shirt Z",Home,177.34,2,354.68
488,2024-01-29,1,"Justin Elliott","Asia East","Watch G",Electronics,690.67,1,690.67
488,2024-01-29,1,"Justin Elliott","Asia East","Bag I",Home,674.20,1,674.20
488,2024-01-29,1,"Justin Elliott","Asia East","Bag T",Accessories,615.95,5,3079.75
489,2025-01-08,1,"Richard Thomas","Middle East","Shirt O",Footwear,363.09,4,1452.36
489,2025-01-08,1,"Richard Thomas","Middle East","Laptop B",Clothing,739.49,3,2218.47
489,2025-01-08,1,"Richard Thomas","Middle East","Laptop W",Electronics,316.69,5,1583.45
490,2025-01-15,0,"Dawn Fowler",Oceania,"Bag S",Footwear,487.92,2,975.84
490,2025-01-15,0,"Dawn Fowler",Oceania,"Watch N",Home,743.34,2,1486.68
491,2023-11-04,1,"Kathleen Ray","Africa South","Smartphone P",Accessories,784.97,2,1569.94
491,2023-11-04,1,"Kathleen Ray","Africa South","Watch U",Clothing,760.93,2,1521.86
492,2023-05-23,0,"Stephanie Smith","Africa South","Bag Q",Beauty,810.60,1,810.60
492,2023-05-23,0,"Stephanie Smith","Africa South","Shoes J",Clothing,770.29,2,1540.58
494,2023-04-25,0,"Angela Mcdonald","South America","Bag T",Accessories,615.95,1,615.95
494,2023-04-25,0,"Angela Mcdonald","South America","Shoes K",Footwear,114.49,2,228.98
494,2023-04-25,0,"Angela Mcdonald","South America","Bag Y",Home,834.71,1,834.71
495,2023-12-17,0,"Dr. Anthony Jones PhD",Oceania,"Shoes M",Footwear,208.93,1,208.93
495,2023-12-17,0,"Dr. Anthony Jones PhD",Oceania,"Shoes J",Clothing,770.29,2,1540.58
496,2025-02-14,1,"Amy Wright","Africa North","Bag R",Beauty,61.28,4,245.12
497,2025-04-07,0,"Dawn Fowler",Oceania,"Watch F",Electronics,256.94,5,1284.70
497,2025-04-07,0,"Dawn Fowler",Oceania,"Bag R",Beauty,61.28,3,183.84
497,2025-04-07,0,"Dawn Fowler",Oceania,"Laptop W",Beauty,345.58,1,345.58
497,2025-04-07,0,"Dawn Fowler",Oceania,"Laptop S",Clothing,68.27,2,136.54
498,2024-10-29,0,"Pamela Miranda MD","Africa North","Smartphone P",Accessories,784.97,4,3139.88
499,2023-08-14,0,"Savannah Ramsey","Asia South","Shoes N",Home,407.69,2,815.38
499,2023-08-14,0,"Savannah Ramsey","Asia South","Bag R",Beauty,61.28,3,183.84
499,2023-08-14,0,"Savannah Ramsey","Asia South","Shirt A",Footwear,420.58,1,420.58
499,2023-08-14,0,"Savannah Ramsey","Asia South","Bag Q",Beauty,810.60,5,4053.00
499,2023-08-14,0,"Savannah Ramsey","Asia South","Bag T",Accessories,615.95,2,1231.90
500,2023-07-26,0,"Brent Robinson","Asia East","Watch B",Beauty,165.15,4,660.60
500,2023-07-26,0,"Brent Robinson","Asia East","Laptop S",Clothing,68.27,1,68.27
501,2024-03-09,1,"Brent Robinson","Asia East","Smartphone N",Footwear,640.31,3,1920.93
501,2024-03-09,1,"Brent Robinson","Asia East","Bag H",Accessories,534.44,2,1068.88
501,2024-03-09,1,"Brent Robinson","Asia East","Laptop B",Clothing,739.49,5,3697.45
501,2024-03-09,1,"Brent Robinson","Asia East","Watch G",Electronics,690.67,5,3453.35
502,2023-04-24,0,"Kristen Cannon","Europe West","Bag F",Electronics,734.91,2,1469.82
502,2023-04-24,0,"Kristen Cannon","Europe West","Smartphone K",Electronics,627.73,2,1255.46
502,2023-04-24,0,"Kristen Cannon","Europe West","Shoes X",Accessories,117.17,5,585.85
502,2023-04-24,0,"Kristen Cannon","Europe West","Smartphone D",Accessories,107.03,1,107.03
503,2023-11-16,0,"Matthew Sanders","Africa North","Laptop W",Beauty,345.58,2,691.16
504,2023-09-14,0,"Steve Cooke","South America","Watch N",Electronics,501.21,5,2506.05
505,2023-11-17,0,"Amber Brown","Europe West","Bag S",Footwear,487.92,2,975.84
505,2023-11-17,0,"Amber Brown","Europe West","Watch M",Beauty,979.92,5,4899.60
505,2023-11-17,0,"Amber Brown","Europe West","Shoes E",Beauty,77.75,3,233.25
506,2023-11-21,1,"William Ferguson DDS","Africa South","Smartphone Z",Beauty,527.04,2,1054.08
506,2023-11-21,1,"William Ferguson DDS","Africa South","Shoes K",Footwear,114.49,2,228.98
506,2023-11-21,1,"William Ferguson DDS","Africa South","Bag H",Accessories,534.44,3,1603.32
507,2023-09-04,0,"Dawn Fowler",Oceania,"Laptop X",Electronics,568.48,2,1136.96
507,2023-09-04,0,"Dawn Fowler",Oceania,"Shoes L",Clothing,403.36,2,806.72
507,2023-09-04,0,"Dawn Fowler",Oceania,"Watch V",Beauty,93.71,1,93.71
508,2025-01-09,0,"Charlene Barnett","Asia East","Shirt G",Accessories,250.09,2,500.18
508,2025-01-09,0,"Charlene Barnett","Asia East","Shirt Q",Electronics,142.49,2,284.98
508,2025-01-09,0,"Charlene Barnett","Asia East","Bag T",Electronics,256.97,1,256.97
508,2025-01-09,0,"Charlene Barnett","Asia East","Laptop W",Electronics,316.69,5,1583.45
508,2025-01-09,0,"Charlene Barnett","Asia East","Watch U",Electronics,676.79,4,2707.16
508,2025-01-09,0,"Charlene Barnett","Asia East","Watch Y",Footwear,528.68,4,2114.72
508,2025-01-09,0,"Charlene Barnett","Asia East","Watch J",Beauty,277.91,2,555.82
509,2024-05-26,1,"Debra Brooks","Africa South","Shirt L",Electronics,707.91,5,3539.55
510,2025-01-30,0,"Donna Chandler","Africa North","Shirt R",Clothing,40.47,2,80.94
510,2025-01-30,0,"Donna Chandler","Africa North","Shirt L",Footwear,396.44,2,792.88
511,2024-06-16,0,"Mitchell Anderson","Africa South","Watch B",Beauty,165.15,3,495.45
511,2024-06-16,0,"Mitchell Anderson","Africa South","Smartphone N",Footwear,640.31,3,1920.93
511,2024-06-16,0,"Mitchell Anderson","Africa South","Shirt G",Electronics,464.42,5,2322.10
511,2024-06-16,0,"Mitchell Anderson","Africa South","Shirt R",Accessories,587.01,2,1174.02
512,2024-09-14,1,"Chad Ramirez","Asia South","Laptop J",Electronics,870.61,3,2611.83
512,2024-09-14,1,"Chad Ramirez","Asia South","Watch J",Beauty,277.91,2,555.82
513,2024-03-10,1,"Dawn Fowler",Oceania,"Shirt G",Accessories,250.09,3,750.27
514,2023-06-30,1,"Tyler Gibson",Oceania,"Shoes H",Electronics,333.56,5,1667.80
514,2023-06-30,1,"Tyler Gibson",Oceania,"Smartphone G",Electronics,729.92,4,2919.68
514,2023-06-30,1,"Tyler Gibson",Oceania,"Smartphone O",Electronics,219.23,4,876.92
514,2023-06-30,1,"Tyler Gibson",Oceania,"Bag R",Beauty,61.28,4,245.12
515,2024-09-05,1,"Paige Evans","North America","Shirt D",Home,637.06,1,637.06
515,2024-09-05,1,"Paige Evans","North America","Shoes R",Footwear,770.25,4,3081.00
515,2024-09-05,1,"Paige Evans","North America","Bag S",Footwear,487.92,3,1463.76
516,2024-09-02,0,"Michele Brandt","South America","Shoes M",Footwear,208.93,5,1044.65
516,2024-09-02,0,"Michele Brandt","South America","Smartphone O",Electronics,219.23,2,438.46
516,2024-09-02,0,"Michele Brandt","South America","Laptop B",Clothing,739.49,1,739.49
517,2024-02-11,0,"Rhonda Sanchez PhD","South America","Shirt T",Accessories,516.07,1,516.07
517,2024-02-11,0,"Rhonda Sanchez PhD","South America","Watch N",Home,743.34,1,743.34
518,2023-07-26,0,"Anthony Coleman","Africa North","Bag E",Footwear,912.75,2,1825.50
518,2023-07-26,0,"Anthony Coleman","Africa North","Shirt R",Clothing,40.47,5,202.35
518,2023-07-26,0,"Anthony Coleman","Africa North","Shoes C",Clothing,141.88,3,425.64
519,2023-06-18,1,"Sean Hall",Oceania,"Shoes L",Clothing,403.36,5,2016.80
519,2023-06-18,1,"Sean Hall",Oceania,"Smartphone K",Electronics,627.73,4,2510.92
519,2023-06-18,1,"Sean Hall",Oceania,"Shirt A",Footwear,420.58,5,2102.90
519,2023-06-18,1,"Sean Hall",Oceania,"Smartphone A",Accessories,334.61,2,669.22
520,2024-09-22,0,"Mary Henderson",Oceania,"Bag Y",Home,834.71,5,4173.55
520,2024-09-22,0,"Mary Henderson",Oceania,"Smartphone M",Clothing,938.56,1,938.56
522,2024-11-03,0,"Mitchell Anderson","Africa South","Watch W",Home,285.27,2,570.54
522,2024-11-03,0,"Mitchell Anderson","Africa South","Smartphone I",Accessories,627.72,1,627.72
522,2024-11-03,0,"Mitchell Anderson","Africa South","Laptop J",Electronics,870.61,2,1741.22
523,2024-08-11,0,"Austin Gordon","South America","Bag T",Accessories,336.76,3,1010.28
524,2023-10-12,0,"Maria Barron","Middle East","Watch V",Beauty,343.84,1,343.84
525,2023-06-28,0,"Nicholas Young","Europe West","Bag I",Home,674.20,1,674.20
525,2023-06-28,0,"Nicholas Young","Europe West","Shirt W",Clothing,470.00,4,1880.00
525,2023-06-28,0,"Nicholas Young","Europe West","Laptop Y",Accessories,651.21,5,3256.05
525,2023-06-28,0,"Nicholas Young","Europe West","Shoes X",Accessories,123.14,4,492.56
525,2023-06-28,0,"Nicholas Young","Europe West","Shoes H",Electronics,333.56,3,1000.68
526,2023-09-25,0,"Amber Potter","Asia East","Shoes H",Home,706.78,5,3533.90
526,2023-09-25,0,"Amber Potter","Asia East","Shoes H",Home,706.78,4,2827.12
527,2023-12-08,0,"Matthew Sanders","Africa North","Smartphone I",Footwear,207.24,5,1036.20
527,2023-12-08,0,"Matthew Sanders","Africa North","Bag R",Beauty,61.28,2,122.56
528,2024-03-28,0,"Ann Cochran","South America","Shoes J",Clothing,770.29,2,1540.58
528,2024-03-28,0,"Ann Cochran","South America","Watch B",Beauty,165.15,1,165.15
529,2023-04-29,0,"Jack Spencer","Asia South","Shoes E",Electronics,467.31,4,1869.24
529,2023-04-29,0,"Jack Spencer","Asia South","Watch A",Footwear,230.74,2,461.48
529,2023-04-29,0,"Jack Spencer","Asia South","Watch N",Home,743.34,4,2973.36
531,2024-03-12,0,"Diana Escobar","Asia East","Bag H",Accessories,534.44,4,2137.76
531,2024-03-12,0,"Diana Escobar","Asia East","Watch B",Beauty,703.73,1,703.73
531,2024-03-12,0,"Diana Escobar","Asia East","Shirt L",Electronics,707.91,1,707.91
532,2023-05-09,0,"Emily Crane","Europe Central","Shirt H",Electronics,422.95,3,1268.85
534,2024-06-17,0,"Kevin Scott","Africa South","Smartphone Z",Beauty,527.04,5,2635.20
534,2024-06-17,0,"Kevin Scott","Africa South","Shoes N",Home,407.69,3,1223.07
534,2024-06-17,0,"Kevin Scott","Africa South","Bag H",Accessories,534.44,1,534.44
535,2024-10-03,0,"Paula Robinson","Asia South","Smartphone N",Footwear,640.31,4,2561.24
535,2024-10-03,0,"Paula Robinson","Asia South","Bag J",Footwear,368.89,3,1106.67
535,2024-10-03,0,"Paula Robinson","Asia South","Bag S",Footwear,487.92,4,1951.68
536,2023-04-19,0,"Debra Evans","Africa South","Watch G",Electronics,690.67,1,690.67
536,2023-04-19,0,"Debra Evans","Africa South","Bag T",Accessories,336.76,5,1683.80
536,2023-04-19,0,"Debra Evans","Africa South","Watch W",Home,285.27,2,570.54
537,2024-07-10,0,"Anthony Coleman","Africa North","Smartphone P",Accessories,784.97,4,3139.88
537,2024-07-10,0,"Anthony Coleman","Africa North","Smartphone K",Electronics,627.73,1,627.73
538,2024-04-06,0,"Matthew Young","Africa South","Bag R",Beauty,61.28,1,61.28
538,2024-04-06,0,"Matthew Young","Africa South","Watch C",Electronics,235.84,3,707.52
539,2024-02-09,1,"Jennifer Johnson","Africa North","Bag Y",Home,834.71,1,834.71
539,2024-02-09,1,"Jennifer Johnson","Africa North","Shirt R",Accessories,587.01,1,587.01
541,2024-03-07,1,"Christopher Gomez",Oceania,"Shirt K",Accessories,86.39,4,345.56
542,2024-06-04,1,"Sarah Shepherd","North America","Bag K",Electronics,46.30,5,231.50
542,2024-06-04,1,"Sarah Shepherd","North America","Watch Q",Electronics,63.41,3,190.23
542,2024-06-04,1,"Sarah Shepherd","North America","Smartphone O",Home,217.88,5,1089.40
542,2024-06-04,1,"Sarah Shepherd","North America","Smartphone A",Accessories,334.61,3,1003.83
543,2023-12-16,0,"Christian Edwards","South America","Watch N",Home,743.34,2,1486.68
543,2023-12-16,0,"Christian Edwards","South America","Watch B",Beauty,390.71,3,1172.13
543,2023-12-16,0,"Christian Edwards","South America","Bag P",Clothing,993.52,3,2980.56
543,2023-12-16,0,"Christian Edwards","South America","Shirt Z",Home,177.34,4,709.36
545,2024-01-05,1,"Tyler Davis",Oceania,"Smartphone I",Accessories,627.72,2,1255.44
545,2024-01-05,1,"Tyler Davis",Oceania,"Watch V",Beauty,93.71,4,374.84
546,2024-04-07,1,"Kevin Diaz","South America","Laptop X",Electronics,568.48,2,1136.96
546,2024-04-07,1,"Kevin Diaz","South America","Laptop Y",Accessories,651.21,3,1953.63
546,2024-04-07,1,"Kevin Diaz","South America","Shirt Z",Home,854.04,5,4270.20
547,2024-08-08,1,"Steve Cooke","South America","Shirt D",Home,637.06,4,2548.24
547,2024-08-08,1,"Steve Cooke","South America","Shirt C",Beauty,645.47,3,1936.41
547,2024-08-08,1,"Steve Cooke","South America","Shirt G",Electronics,464.42,4,1857.68
548,2023-10-18,1,"David Watson","Asia South","Shirt D",Home,891.21,5,4456.05
548,2023-10-18,1,"David Watson","Asia South","Laptop W",Electronics,316.69,5,1583.45
548,2023-10-18,1,"David Watson","Asia South","Bag H",Accessories,534.44,1,534.44
550,2023-04-15,0,"Joseph Barber","Asia East","Watch B",Beauty,703.73,4,2814.92
550,2023-04-15,0,"Joseph Barber","Asia East","Bag F",Electronics,734.91,1,734.91
550,2023-04-15,0,"Joseph Barber","Asia East","Shirt Z",Home,177.34,4,709.36
551,2023-11-19,0,"Paul Combs","South America","Watch N",Home,743.34,2,1486.68
552,2025-04-13,0,"Matthew Smith","North America","Laptop X",Electronics,568.48,3,1705.44
553,2024-02-13,0,"Mark Warner","Asia South","Smartphone D",Accessories,107.03,4,428.12
553,2024-02-13,0,"Mark Warner","Asia South","Shirt Z",Home,854.04,4,3416.16
554,2024-01-25,0,"Kevin Norris","North America","Smartphone A",Accessories,334.61,2,669.22
554,2024-01-25,0,"Kevin Norris","North America","Shirt K",Accessories,86.39,4,345.56
554,2024-01-25,0,"Kevin Norris","North America","Shoes L",Clothing,403.36,5,2016.80
554,2024-01-25,0,"Kevin Norris","North America","Smartphone G",Electronics,729.92,1,729.92
555,2023-12-14,0,"Matthew Smith","North America","Watch J",Beauty,277.91,5,1389.55
555,2023-12-14,0,"Matthew Smith","North America","Watch M",Beauty,979.92,1,979.92
556,2023-11-09,0,"Nancy Shepherd","Europe Central","Shoes K",Footwear,114.49,4,457.96
556,2023-11-09,0,"Nancy Shepherd","Europe Central","Shoes H",Electronics,333.56,2,667.12
556,2023-11-09,0,"Nancy Shepherd","Europe Central","Shoes E",Beauty,77.75,2,155.50
556,2023-11-09,0,"Nancy Shepherd","Europe Central","Bag K",Electronics,46.30,5,231.50
558,2024-07-24,0,"Steve Cooke","South America","Laptop Y",Accessories,651.21,2,1302.42
558,2024-07-24,0,"Steve Cooke","South America","Shirt Q",Beauty,400.46,2,800.92
559,2024-08-12,1,"Susan Phelps",Oceania,"Shirt K",Accessories,86.39,2,172.78
560,2023-06-24,0,"Joshua Rush","Europe West","Watch Q",Electronics,63.41,5,317.05
560,2023-06-24,0,"Joshua Rush","Europe West","Shoes M",Footwear,208.93,4,835.72
560,2023-06-24,0,"Joshua Rush","Europe West","Watch U",Electronics,676.79,3,2030.37
561,2024-09-06,0,"Debra Evans","Africa South","Smartphone D",Accessories,107.03,1,107.03
562,2023-08-06,0,"Richard Thomas","Middle East","Shoes E",Beauty,77.75,1,77.75
562,2023-08-06,0,"Richard Thomas","Middle East","Shirt Z",Home,854.04,1,854.04
562,2023-08-06,0,"Richard Thomas","Middle East","Laptop S",Clothing,68.27,1,68.27
563,2023-07-28,1,"Christopher Gomez",Oceania,"Smartphone I",Footwear,207.24,1,207.24
563,2023-07-28,1,"Christopher Gomez",Oceania,"Shoes L",Clothing,403.36,2,806.72
563,2023-07-28,1,"Christopher Gomez",Oceania,"Bag R",Beauty,61.28,2,122.56
564,2023-09-20,0,"Marilyn Taylor","Europe West","Shirt Z",Home,177.34,1,177.34
564,2023-09-20,0,"Marilyn Taylor","Europe West","Watch F",Electronics,805.81,2,1611.62
565,2023-08-23,0,"Richard Thomas","Middle East","Watch M",Home,54.22,5,271.10
565,2023-08-23,0,"Richard Thomas","Middle East","Smartphone K",Electronics,627.73,1,627.73
565,2023-08-23,0,"Richard Thomas","Middle East","Laptop X",Electronics,568.48,2,1136.96
566,2024-06-14,0,"Wendy Hunt","Africa North","Smartphone Z",Beauty,527.04,1,527.04
566,2024-06-14,0,"Wendy Hunt","Africa North","Smartphone M",Clothing,938.56,4,3754.24
566,2024-06-14,0,"Wendy Hunt","Africa North","Bag H",Accessories,534.44,1,534.44
567,2023-11-07,0,"Randy Terry","Africa South","Laptop W",Beauty,345.58,3,1036.74
567,2023-11-07,0,"Randy Terry","Africa South","Watch P",Clothing,285.01,1,285.01
568,2025-03-03,1,"Debra Brooks","Africa South","Shirt D",Home,891.21,2,1782.42
568,2025-03-03,1,"Debra Brooks","Africa South","Shoes H",Electronics,333.56,1,333.56
569,2024-12-11,0,"David Watson","Asia South","Laptop J",Electronics,870.61,3,2611.83
569,2024-12-11,0,"David Watson","Asia South","Smartphone O",Electronics,219.23,1,219.23
569,2024-12-11,0,"David Watson","Asia South","Shoes E",Beauty,77.75,2,155.50
570,2024-06-22,1,"Jennifer Love","North America","Laptop W",Beauty,345.58,2,691.16
570,2024-06-22,1,"Jennifer Love","North America","Bag H",Accessories,534.44,2,1068.88
570,2024-06-22,1,"Jennifer Love","North America","Shirt C",Beauty,645.47,2,1290.94
571,2025-01-08,0,"Ryan Fisher","North America","Shirt Z",Home,854.04,1,854.04
571,2025-01-08,0,"Ryan Fisher","North America","Shirt S",Home,821.35,3,2464.05
572,2024-08-16,0,"Wendy Bryant",Oceania,"Shoes E",Beauty,77.75,3,233.25
573,2023-12-26,0,"Matthew Smith","North America","Watch M",Home,54.22,3,162.66
575,2025-03-25,0,"James Hall","Africa South","Shirt O",Footwear,363.09,4,1452.36
575,2025-03-25,0,"James Hall","Africa South","Bag Y",Home,834.71,2,1669.42
575,2025-03-25,0,"James Hall","Africa South","Shoes K",Footwear,114.49,3,343.47
576,2023-06-30,0,"Justin Elliott","Asia East","Watch U",Electronics,676.79,2,1353.58
577,2024-06-26,0,"Michele Brandt","South America","Shirt Q",Beauty,400.46,4,1601.84
578,2024-11-08,0,"Savannah Ramsey","Asia South","Shoes O",Home,27.32,4,109.28
579,2023-08-24,0,"Lacey Ross",Oceania,"Shirt T",Accessories,516.07,4,2064.28
579,2023-08-24,0,"Lacey Ross",Oceania,"Bag E",Footwear,912.75,2,1825.50
579,2023-08-24,0,"Lacey Ross",Oceania,"Watch G",Electronics,690.67,4,2762.68
581,2023-09-01,0,"Alan Young","Africa North","Laptop S",Beauty,204.37,5,1021.85
582,2023-09-25,1,"Alan Young","Africa North","Shirt C",Beauty,645.47,5,3227.35
582,2023-09-25,1,"Alan Young","Africa North","Laptop V",Home,209.60,1,209.60
583,2023-09-07,0,"Angela Mendoza","Asia East","Watch N",Electronics,501.21,4,2004.84
584,2024-05-13,1,"Christopher Garcia","Europe West","Watch V",Beauty,343.84,2,687.68
584,2024-05-13,1,"Christopher Garcia","Europe West","Bag P",Clothing,993.52,3,2980.56
585,2023-06-19,0,"Alexis Cohen","Asia East","Shirt Q",Beauty,400.46,1,400.46
586,2025-02-27,0,"Kimberly Ryan","Europe West","Laptop W",Beauty,345.58,1,345.58
587,2024-07-09,0,"James Greer","Middle East","Smartphone O",Home,217.88,1,217.88
588,2025-03-28,0,"Michael Williamson",Oceania,"Bag J",Footwear,368.89,5,1844.45
588,2025-03-28,0,"Michael Williamson",Oceania,"Smartphone I",Accessories,627.72,5,3138.60
588,2025-03-28,0,"Michael Williamson",Oceania,"Watch M",Home,54.22,4,216.88
588,2025-03-28,0,"Michael Williamson",Oceania,"Shirt I",Accessories,619.71,1,619.71
589,2025-01-27,0,"Terry Parsons","Asia East","Laptop V",Home,209.60,4,838.40
591,2023-05-14,1,"Tracie Waters","Africa South","Watch M",Home,54.22,4,216.88
591,2023-05-14,1,"Tracie Waters","Africa South","Watch C",Electronics,235.84,5,1179.20
592,2023-07-22,1,"Anthony Nielsen",Oceania,"Smartphone M",Clothing,938.56,5,4692.80
592,2023-07-22,1,"Anthony Nielsen",Oceania,"Watch V",Beauty,343.84,1,343.84
592,2023-07-22,1,"Anthony Nielsen",Oceania,"Laptop V",Home,209.60,2,419.20
592,2023-07-22,1,"Anthony Nielsen",Oceania,"Shirt K",Accessories,86.39,2,172.78
593,2024-03-14,0,"Scott Walker","Europe Central","Watch N",Electronics,501.21,2,1002.42
593,2024-03-14,0,"Scott Walker","Europe Central","Watch F",Electronics,805.81,2,1611.62
593,2024-03-14,0,"Scott Walker","Europe Central","Laptop V",Home,209.60,4,838.40
594,2024-05-22,1,"Tracie Waters","Africa South","Smartphone D",Accessories,107.03,1,107.03
594,2024-05-22,1,"Tracie Waters","Africa South","Smartphone N",Footwear,640.31,5,3201.55
595,2023-10-02,0,"Alexis Cohen","Asia East","Bag I",Home,674.20,1,674.20
595,2023-10-02,0,"Alexis Cohen","Asia East","Shirt I",Accessories,619.71,5,3098.55
596,2025-04-04,1,"Melanie Davis","Asia East","Shirt C",Beauty,645.47,2,1290.94
596,2025-04-04,1,"Melanie Davis","Asia East","Watch C",Electronics,235.84,4,943.36
596,2025-04-04,1,"Melanie Davis","Asia East","Laptop X",Electronics,568.48,5,2842.40
597,2025-03-30,1,"Elizabeth Anderson","South America","Laptop B",Clothing,739.49,2,1478.98
598,2024-08-15,0,"Dawn Fowler",Oceania,"Laptop S",Beauty,204.37,3,613.11
598,2024-08-15,0,"Dawn Fowler",Oceania,"Shoes K",Footwear,114.49,3,343.47
598,2024-08-15,0,"Dawn Fowler",Oceania,"Laptop V",Footwear,101.30,5,506.50
598,2024-08-15,0,"Dawn Fowler",Oceania,"Laptop Y",Accessories,651.21,4,2604.84
599,2024-12-02,0,"Randy Terry","Africa South","Bag S",Footwear,487.92,4,1951.68
599,2024-12-02,0,"Randy Terry","Africa South","Shirt F",Electronics,90.60,2,181.20
599,2024-12-02,0,"Randy Terry","Africa South","Laptop B",Clothing,739.49,1,739.49
601,2025-04-14,0,"Richard Robles","Asia East","Shoes N",Home,407.69,2,815.38
602,2024-07-26,0,"Matthew Williams","North America","Laptop S",Beauty,204.37,1,204.37
603,2023-12-03,0,"Nathan Hess","North America","Bag R",Beauty,61.28,1,61.28
603,2023-12-03,0,"Nathan Hess","North America","Shirt K",Accessories,86.39,1,86.39
603,2023-12-03,0,"Nathan Hess","North America","Bag Q",Beauty,810.60,5,4053.00
604,2024-02-18,0,"Amber Potter","Asia East","Bag I",Home,674.20,2,1348.40
604,2024-02-18,0,"Amber Potter","Asia East","Shoes E",Electronics,467.31,4,1869.24
604,2024-02-18,0,"Amber Potter","Asia East","Watch N",Home,743.34,2,1486.68
604,2024-02-18,0,"Amber Potter","Asia East","Watch G",Electronics,690.67,1,690.67
604,2024-02-18,0,"Amber Potter","Asia East","Watch U",Clothing,760.93,4,3043.72
604,2024-02-18,0,"Amber Potter","Asia East","Watch U",Clothing,760.93,3,2282.79
605,2023-05-11,1,"Michael Suarez",Oceania,"Laptop V",Home,209.60,1,209.60
605,2023-05-11,1,"Michael Suarez",Oceania,"Shoes R",Footwear,770.25,3,2310.75
605,2023-05-11,1,"Michael Suarez",Oceania,"Shoes K",Footwear,114.49,5,572.45
606,2024-12-03,0,"Christian Edwards","South America","Shoes X",Accessories,123.14,5,615.70
607,2025-03-06,0,"April Greene","Africa North","Watch B",Beauty,703.73,1,703.73
607,2025-03-06,0,"April Greene","Africa North","Smartphone M",Clothing,938.56,5,4692.80
608,2023-11-25,0,"Wendy Bryant",Oceania,"Watch V",Beauty,343.84,3,1031.52
608,2023-11-25,0,"Wendy Bryant",Oceania,"Bag T",Accessories,336.76,4,1347.04
608,2023-11-25,0,"Wendy Bryant",Oceania,"Shoes N",Home,407.69,1,407.69
609,2023-11-24,0,"Jack Spencer","Asia South","Shirt R",Accessories,587.01,4,2348.04
609,2023-11-24,0,"Jack Spencer","Asia South","Watch N",Electronics,501.21,3,1503.63
609,2023-11-24,0,"Jack Spencer","Asia South","Shoes L",Clothing,403.36,1,403.36
610,2023-12-22,0,"Wendy Hunt","Africa North","Smartphone A",Accessories,334.61,4,1338.44
610,2023-12-22,0,"Wendy Hunt","Africa North","Bag P",Clothing,993.52,2,1987.04
610,2023-12-22,0,"Wendy Hunt","Africa North","Watch Y",Footwear,528.68,4,2114.72
611,2024-03-09,1,"Stephanie Smith","Africa South","Shoes N",Home,407.69,2,815.38
612,2025-01-10,1,"Kristen Rose","North America","Watch N",Electronics,501.21,1,501.21
612,2025-01-10,1,"Kristen Rose","North America","Shoes R",Footwear,770.25,1,770.25
613,2023-12-09,1,"Robert Edwards","Africa South","Laptop B",Clothing,739.49,4,2957.96
613,2023-12-09,1,"Robert Edwards","Africa South","Bag T",Electronics,256.97,3,770.91
614,2025-03-09,0,"Tracie Waters","Africa South","Shirt L",Footwear,396.44,4,1585.76
614,2025-03-09,0,"Tracie Waters","Africa South","Watch V",Beauty,93.71,1,93.71
615,2025-04-10,0,"Debbie Copeland",Oceania,"Watch U",Clothing,760.93,5,3804.65
616,2023-11-21,0,"Jack Spencer","Asia South","Laptop C",Electronics,520.15,3,1560.45
616,2023-11-21,0,"Jack Spencer","Asia South","Smartphone N",Footwear,640.31,5,3201.55
616,2023-11-21,0,"Jack Spencer","Asia South","Smartphone O",Electronics,219.23,3,657.69
618,2024-07-11,0,"Cole Day","South America","Watch V",Beauty,93.71,3,281.13
618,2024-07-11,0,"Cole Day","South America","Smartphone M",Clothing,938.56,4,3754.24
619,2023-11-23,0,"Christopher Gomez",Oceania,"Smartphone N",Footwear,640.31,4,2561.24
619,2023-11-23,0,"Christopher Gomez",Oceania,"Shoes E",Beauty,77.75,3,233.25
619,2023-11-23,0,"Christopher Gomez",Oceania,"Shoes E",Beauty,77.75,1,77.75
619,2023-11-23,0,"Christopher Gomez",Oceania,"Watch B",Beauty,390.71,5,1953.55
621,2024-03-03,0,"Angela Jensen","Africa North","Laptop W",Beauty,345.58,4,1382.32
621,2024-03-03,0,"Angela Jensen","Africa North","Shirt Q",Beauty,400.46,3,1201.38
621,2024-03-03,0,"Angela Jensen","Africa North","Shoes E",Electronics,467.31,3,1401.93
622,2023-08-30,0,"Jimmy Weber","Europe West","Bag T",Accessories,336.76,5,1683.80
623,2024-11-02,0,"Ashley Stone","Asia East","Smartphone O",Home,217.88,2,435.76
623,2024-11-02,0,"Ashley Stone","Asia East","Bag J",Footwear,368.89,5,1844.45
623,2024-11-02,0,"Ashley Stone","Asia East","Watch B",Beauty,165.15,3,495.45
623,2024-11-02,0,"Ashley Stone","Asia East","Shirt Z",Home,854.04,1,854.04
623,2024-11-02,0,"Ashley Stone","Asia East","Shirt G",Accessories,250.09,3,750.27
623,2024-11-02,0,"Ashley Stone","Asia East","Shoes H",Home,706.78,1,706.78
624,2024-11-08,0,"Jack Spencer","Asia South","Bag H",Accessories,534.44,3,1603.32
624,2024-11-08,0,"Jack Spencer","Asia South","Laptop X",Electronics,568.48,1,568.48
624,2024-11-08,0,"Jack Spencer","Asia South","Shirt Z",Home,854.04,1,854.04
625,2023-05-17,0,"Robert Bond",Oceania,"Watch J",Beauty,277.91,2,555.82
625,2023-05-17,0,"Robert Bond",Oceania,"Laptop J",Electronics,870.61,1,870.61
625,2023-05-17,0,"Robert Bond",Oceania,"Laptop S",Beauty,204.37,3,613.11
626,2023-12-30,1,"April Greene","Africa North","Bag R",Beauty,61.28,1,61.28
626,2023-12-30,1,"April Greene","Africa North","Watch F",Electronics,256.94,3,770.82
626,2023-12-30,1,"April Greene","Africa North","Watch J",Beauty,277.91,1,277.91
626,2023-12-30,1,"April Greene","Africa North","Watch U",Electronics,676.79,4,2707.16
626,2023-12-30,1,"April Greene","Africa North","Watch E",Beauty,172.54,2,345.08
627,2023-12-13,0,"James Greer","Middle East","Bag H",Accessories,534.44,3,1603.32
627,2023-12-13,0,"James Greer","Middle East","Laptop S",Clothing,68.27,1,68.27
628,2023-04-29,1,"David Hinton","North America","Shirt Z",Home,177.34,2,354.68
629,2023-12-10,0,"Robert Bond",Oceania,"Laptop J",Electronics,870.61,5,4353.05
629,2023-12-10,0,"Robert Bond",Oceania,"Shoes C",Clothing,141.88,4,567.52
629,2023-12-10,0,"Robert Bond",Oceania,"Smartphone Z",Beauty,527.04,2,1054.08
630,2024-12-01,0,"Monica Williams","Asia East","Shoes L",Clothing,369.50,1,369.50
630,2024-12-01,0,"Monica Williams","Asia East","Shirt I",Accessories,619.71,5,3098.55
632,2024-10-26,1,"Michael Suarez",Oceania,"Shoes H",Electronics,333.56,3,1000.68
632,2024-10-26,1,"Michael Suarez",Oceania,"Smartphone Z",Beauty,527.04,3,1581.12
632,2024-10-26,1,"Michael Suarez",Oceania,"Watch M",Home,54.22,2,108.44
632,2024-10-26,1,"Michael Suarez",Oceania,"Shoes J",Clothing,770.29,3,2310.87
633,2025-02-23,1,"Richard Alexander","Africa South","Shoes O",Home,27.32,3,81.96
634,2023-10-17,0,"Jack Spencer","Asia South","Smartphone O",Electronics,219.23,5,1096.15
634,2023-10-17,0,"Jack Spencer","Asia South","Watch N",Electronics,501.21,4,2004.84
635,2024-12-30,1,"Jack Spencer","Asia South","Shirt R",Accessories,587.01,4,2348.04
636,2024-06-19,1,"Paul Jackson","Asia East","Watch W",Home,285.27,5,1426.35
637,2023-09-26,1,"Joseph Barber","Asia East","Bag T",Accessories,336.76,3,1010.28
637,2023-09-26,1,"Joseph Barber","Asia East","Watch M",Home,54.22,1,54.22
638,2023-08-03,0,"Charles Hudson",Oceania,"Shoes M",Footwear,208.93,4,835.72
639,2023-11-16,0,"Steve Cooke","South America","Laptop Y",Accessories,651.21,4,2604.84
640,2023-06-20,1,"Chelsea Vargas","Europe West","Watch B",Beauty,165.15,1,165.15
640,2023-06-20,1,"Chelsea Vargas","Europe West","Shirt D",Home,637.06,2,1274.12
641,2023-09-15,0,"Monica Williams","Asia East","Watch M",Beauty,979.92,4,3919.68
641,2023-09-15,0,"Monica Williams","Asia East","Laptop C",Electronics,520.15,3,1560.45
642,2023-05-19,0,"April Greene","Africa North","Bag T",Accessories,615.95,4,2463.80
642,2023-05-19,0,"April Greene","Africa North","Smartphone P",Accessories,784.97,4,3139.88
643,2023-11-03,0,"James Hall","Africa South","Shirt L",Electronics,707.91,4,2831.64
644,2025-03-18,0,"Chad Ramirez","Asia South","Watch B",Beauty,703.73,4,2814.92
644,2025-03-18,0,"Chad Ramirez","Asia South","Shoes E",Electronics,467.31,5,2336.55
645,2023-08-10,0,"Pamela Miranda MD","Africa North","Watch V",Beauty,93.71,2,187.42
646,2024-05-29,0,"Sean Hall",Oceania,"Laptop V",Home,209.60,2,419.20
646,2024-05-29,0,"Sean Hall",Oceania,"Shirt L",Electronics,707.91,2,1415.82
646,2024-05-29,0,"Sean Hall",Oceania,"Smartphone Z",Beauty,527.04,5,2635.20
648,2024-01-19,0,"Jennifer Johnson","Africa North","Smartphone I",Footwear,207.24,5,1036.20
648,2024-01-19,0,"Jennifer Johnson","Africa North","Watch F",Electronics,256.94,5,1284.70
648,2024-01-19,0,"Jennifer Johnson","Africa North","Shoes O",Home,27.32,3,81.96
648,2024-01-19,0,"Jennifer Johnson","Africa North","Watch C",Electronics,235.84,5,1179.20
648,2024-01-19,0,"Jennifer Johnson","Africa North","Smartphone U",Footwear,642.34,5,3211.70
649,2023-11-03,0,"Matthew Williams","North America","Bag F",Electronics,734.91,2,1469.82
651,2024-09-03,1,"Phillip Davis","Africa North","Shoes L",Clothing,403.36,4,1613.44
652,2024-08-29,0,"Kristen Rose","North America","Watch U",Clothing,760.93,5,3804.65
652,2024-08-29,0,"Kristen Rose","North America","Laptop C",Electronics,520.15,2,1040.30
652,2024-08-29,0,"Kristen Rose","North America","Shoes K",Footwear,114.49,1,114.49
655,2024-02-27,1,"Amy Wright","Africa North","Laptop X",Electronics,568.48,1,568.48
655,2024-02-27,1,"Amy Wright","Africa North","Watch U",Clothing,760.93,3,2282.79
655,2024-02-27,1,"Amy Wright","Africa North","Shirt G",Electronics,464.42,3,1393.26
655,2024-02-27,1,"Amy Wright","Africa North","Shoes J",Clothing,770.29,5,3851.45
656,2023-12-07,0,"Matthew Williams","North America","Watch Q",Electronics,63.41,5,317.05
656,2023-12-07,0,"Matthew Williams","North America","Shoes C",Clothing,141.88,3,425.64
656,2023-12-07,0,"Matthew Williams","North America","Smartphone U",Footwear,642.34,5,3211.70
656,2023-12-07,0,"Matthew Williams","North America","Laptop S",Clothing,68.27,3,204.81
656,2023-12-07,0,"Matthew Williams","North America","Bag R",Beauty,61.28,1,61.28
656,2023-12-07,0,"Matthew Williams","North America","Shoes L",Clothing,403.36,2,806.72
657,2024-01-21,0,"Nancy Shepherd","Europe Central","Shirt H",Electronics,422.95,1,422.95
657,2024-01-21,0,"Nancy Shepherd","Europe Central","Watch M",Beauty,979.92,2,1959.84
658,2024-11-22,0,"James Wolfe","Asia South","Watch A",Footwear,230.74,1,230.74
659,2024-12-31,0,"Erica Lopez","Middle East","Smartphone A",Accessories,334.61,3,1003.83
659,2024-12-31,0,"Erica Lopez","Middle East","Shirt Z",Home,177.34,3,532.02
660,2023-06-30,0,"Sara English","Europe West","Shoes R",Footwear,770.25,5,3851.25
660,2023-06-30,0,"Sara English","Europe West","Smartphone O",Electronics,219.23,2,438.46
661,2024-05-12,0,"James Hall","Africa South","Bag Y",Home,834.71,5,4173.55
661,2024-05-12,0,"James Hall","Africa South","Bag T",Electronics,256.97,3,770.91
661,2024-05-12,0,"James Hall","Africa South","Watch N",Electronics,501.21,1,501.21
662,2024-01-28,0,"Savannah Ramsey","Asia South","Watch G",Electronics,690.67,2,1381.34
662,2024-01-28,0,"Savannah Ramsey","Asia South","Bag P",Clothing,993.52,5,4967.60
662,2024-01-28,0,"Savannah Ramsey","Asia South","Bag R",Beauty,61.28,2,122.56
663,2024-01-07,1,"Eric Campbell","Europe West","Shoes M",Footwear,208.93,2,417.86
663,2024-01-07,1,"Eric Campbell","Europe West","Shirt G",Accessories,250.09,3,750.27
664,2024-05-25,1,"Mary Herrera","Europe Central","Watch U",Clothing,760.93,3,2282.79
664,2024-05-25,1,"Mary Herrera","Europe Central","Watch F",Electronics,805.81,2,1611.62
664,2024-05-25,1,"Mary Herrera","Europe Central","Watch B",Beauty,165.15,1,165.15
665,2025-04-04,0,"Eric Campbell","Europe West","Bag S",Footwear,487.92,1,487.92
665,2025-04-04,0,"Eric Campbell","Europe West","Shirt U",Footwear,660.98,2,1321.96
665,2025-04-04,0,"Eric Campbell","Europe West","Shoes R",Footwear,770.25,2,1540.50
666,2023-09-23,1,"David Garcia II","Africa South","Watch Q",Electronics,63.41,5,317.05
666,2023-09-23,1,"David Garcia II","Africa South","Watch B",Beauty,390.71,1,390.71
666,2023-09-23,1,"David Garcia II","Africa South","Bag E",Footwear,912.75,5,4563.75
667,2024-05-26,0,"Amy Wright","Africa North","Smartphone O",Home,217.88,3,653.64
667,2024-05-26,0,"Amy Wright","Africa North","Watch N",Home,743.34,4,2973.36
667,2024-05-26,0,"Amy Wright","Africa North","Shirt R",Clothing,40.47,5,202.35
667,2024-05-26,0,"Amy Wright","Africa North","Smartphone N",Footwear,640.31,3,1920.93
668,2023-10-19,1,"Maria Barron","Middle East","Shoes E",Electronics,467.31,4,1869.24
668,2023-10-19,1,"Maria Barron","Middle East","Bag R",Beauty,61.28,2,122.56
669,2024-03-16,1,"Jennifer Johnson","Africa North","Shirt K",Accessories,86.39,2,172.78
669,2024-03-16,1,"Jennifer Johnson","Africa North","Bag T",Accessories,336.76,3,1010.28
669,2024-03-16,1,"Jennifer Johnson","Africa North","Shirt C",Beauty,645.47,2,1290.94
669,2024-03-16,1,"Jennifer Johnson","Africa North","Shoes N",Home,407.69,1,407.69
670,2025-01-19,0,"Christopher Garcia","Europe West","Laptop X",Electronics,568.48,5,2842.40
670,2025-01-19,0,"Christopher Garcia","Europe West","Bag H",Accessories,534.44,5,2672.20
671,2025-01-08,0,"Dr. Eric Adams","Africa North","Smartphone O",Electronics,219.23,2,438.46
672,2023-06-14,0,"Lori Bray","Asia East","Watch J",Beauty,277.91,5,1389.55
673,2024-09-10,0,"Kimberly Ryan","Europe West","Bag R",Beauty,61.28,4,245.12
674,2024-02-11,0,"Mark Burns","North America","Laptop W",Beauty,345.58,3,1036.74
675,2024-05-02,0,"Diana Escobar","Asia East","Watch Y",Footwear,528.68,5,2643.40
675,2024-05-02,0,"Diana Escobar","Asia East","Shoes E",Beauty,77.75,3,233.25
676,2024-05-05,0,"Sean Gallagher","South America","Bag I",Home,674.20,4,2696.80
677,2023-10-26,0,"David Klein","Europe Central","Laptop S",Beauty,204.37,4,817.48
678,2024-01-19,1,"Nancy Shepherd","Europe Central","Laptop X",Electronics,568.48,5,2842.40
679,2023-07-08,0,"Erica Lopez","Middle East","Bag K",Electronics,46.30,5,231.50
679,2023-07-08,0,"Erica Lopez","Middle East","Watch Y",Footwear,528.68,4,2114.72
679,2023-07-08,0,"Erica Lopez","Middle East","Smartphone Z",Beauty,527.04,5,2635.20
683,2023-05-24,0,"Debra Evans","Africa South","Bag T",Electronics,256.97,5,1284.85
683,2023-05-24,0,"Debra Evans","Africa South","Shirt Z",Home,177.34,3,532.02
683,2023-05-24,0,"Debra Evans","Africa South","Shirt D",Home,637.06,3,1911.18
684,2023-05-06,1,"William Ferguson DDS","Africa South","Shirt G",Accessories,250.09,5,1250.45
685,2025-01-05,0,"Felicia Walker","Asia East","Watch P",Clothing,285.01,3,855.03
685,2025-01-05,0,"Felicia Walker","Asia East","Smartphone G",Electronics,729.92,3,2189.76
685,2025-01-05,0,"Felicia Walker","Asia East","Shirt Z",Home,854.04,1,854.04
687,2024-05-24,1,"Mrs. Cheyenne Wade MD","Africa South","Shirt Q",Electronics,142.49,2,284.98
687,2024-05-24,1,"Mrs. Cheyenne Wade MD","Africa South","Shirt F",Electronics,90.60,2,181.20
687,2024-05-24,1,"Mrs. Cheyenne Wade MD","Africa South","Watch W",Home,285.27,5,1426.35
689,2023-05-16,0,"William Ferguson DDS","Africa South","Watch V",Beauty,93.71,3,281.13
689,2023-05-16,0,"William Ferguson DDS","Africa South","Watch A",Footwear,230.74,4,922.96
690,2024-04-26,0,"Michael Castro","Europe Central","Watch N",Home,743.34,5,3716.70
690,2024-04-26,0,"Michael Castro","Europe Central","Shirt D",Home,637.06,4,2548.24
691,2025-04-05,0,"Michael Suarez",Oceania,"Shoes N",Home,407.69,1,407.69
691,2025-04-05,0,"Michael Suarez",Oceania,"Smartphone M",Clothing,938.56,5,4692.80
692,2025-01-22,1,"Sarah Shepherd","North America","Shirt I",Accessories,619.71,5,3098.55
692,2025-01-22,1,"Sarah Shepherd","North America","Bag T",Electronics,256.97,1,256.97
692,2025-01-22,1,"Sarah Shepherd","North America","Watch C",Electronics,235.84,2,471.68
695,2024-08-21,0,"Angela Mendoza","Asia East","Shoes K",Footwear,114.49,4,457.96
695,2024-08-21,0,"Angela Mendoza","Asia East","Shoes X",Accessories,123.14,2,246.28
696,2023-04-15,0,"Jack Spencer","Asia South","Laptop J",Electronics,870.61,2,1741.22
697,2024-01-28,0,"Tracie Waters","Africa South","Bag T",Accessories,336.76,5,1683.80
697,2024-01-28,0,"Tracie Waters","Africa South","Shoes E",Electronics,467.31,4,1869.24
698,2024-09-17,0,"James Case","Europe Central","Shoes N",Home,407.69,5,2038.45
699,2024-04-26,0,"Claudia Williams","Asia East","Watch W",Home,285.27,3,855.81
699,2024-04-26,0,"Claudia Williams","Asia East","Bag K",Electronics,46.30,1,46.30
699,2024-04-26,0,"Claudia Williams","Asia East","Watch W",Home,285.27,3,855.81
699,2024-04-26,0,"Claudia Williams","Asia East","Shirt L",Footwear,396.44,3,1189.32
699,2024-04-26,0,"Claudia Williams","Asia East","Watch U",Electronics,676.79,1,676.79
699,2024-04-26,0,"Claudia Williams","Asia East","Bag H",Accessories,534.44,4,2137.76
700,2023-08-26,0,"Mary Herrera","Europe Central","Shoes D",Home,858.32,4,3433.28
700,2023-08-26,0,"Mary Herrera","Europe Central","Shoes D",Home,858.32,3,2574.96
702,2024-09-29,0,"David Hinton","North America","Watch Y",Footwear,528.68,4,2114.72
703,2024-06-13,0,"Kathleen Ray","Africa South","Bag P",Accessories,632.27,5,3161.35
703,2024-06-13,0,"Kathleen Ray","Africa South","Smartphone Z",Beauty,527.04,5,2635.20
703,2024-06-13,0,"Kathleen Ray","Africa South","Shirt R",Accessories,587.01,4,2348.04
704,2023-08-15,1,"Matthew Williams","North America","Watch V",Beauty,343.84,5,1719.20
704,2023-08-15,1,"Matthew Williams","North America","Shirt S",Home,821.35,1,821.35
704,2023-08-15,1,"Matthew Williams","North America","Watch Y",Footwear,528.68,3,1586.04
706,2023-09-16,0,"Tyler Gibson",Oceania,"Shirt Q",Electronics,142.49,3,427.47
706,2023-09-16,0,"Tyler Gibson",Oceania,"Watch B",Beauty,390.71,4,1562.84
707,2023-10-14,0,"Abigail Figueroa","Asia South","Laptop B",Clothing,739.49,5,3697.45
707,2023-10-14,0,"Abigail Figueroa","Asia South","Watch Q",Electronics,63.41,1,63.41
707,2023-10-14,0,"Abigail Figueroa","Asia South","Smartphone K",Electronics,627.73,2,1255.46
707,2023-10-14,0,"Abigail Figueroa","Asia South","Bag E",Footwear,912.75,4,3651.00
708,2024-05-03,1,"Michele Brandt","South America","Watch Q",Electronics,63.41,1,63.41
708,2024-05-03,1,"Michele Brandt","South America","Shoes E",Electronics,467.31,5,2336.55
708,2024-05-03,1,"Michele Brandt","South America","Smartphone D",Accessories,107.03,5,535.15
708,2024-05-03,1,"Michele Brandt","South America","Shirt Z",Home,854.04,2,1708.08
709,2024-04-21,0,"Angela Jensen","Africa North","Watch N",Home,743.34,4,2973.36
709,2024-04-21,0,"Angela Jensen","Africa North","Smartphone Z",Beauty,527.04,3,1581.12
710,2023-05-17,0,"Anthony Nielsen",Oceania,"Laptop J",Electronics,870.61,2,1741.22
711,2025-01-17,0,"Rhonda Sanchez PhD","South America","Shoes E",Electronics,467.31,4,1869.24
711,2025-01-17,0,"Rhonda Sanchez PhD","South America","Watch Y",Footwear,528.68,2,1057.36
712,2023-09-28,0,"Tamara Rojas","Europe Central","Shirt Z",Home,854.04,3,2562.12
713,2023-08-08,0,"Ann Cochran","South America","Bag T",Accessories,615.95,3,1847.85
713,2023-08-08,0,"Ann Cochran","South America","Bag I",Home,674.20,3,2022.60
713,2023-08-08,0,"Ann Cochran","South America","Shirt U",Footwear,660.98,3,1982.94
715,2023-05-17,0,"Christopher Patterson","Middle East","Smartphone K",Electronics,627.73,3,1883.19
716,2024-02-04,0,"Michael Hughes","Europe West","Shoes O",Home,27.32,3,81.96
716,2024-02-04,0,"Michael Hughes","Europe West","Shirt I",Accessories,619.71,5,3098.55
716,2024-02-04,0,"Michael Hughes","Europe West","Shirt L",Electronics,707.91,4,2831.64
716,2024-02-04,0,"Michael Hughes","Europe West","Bag E",Footwear,912.75,1,912.75
717,2024-08-27,0,"Michael Bowen","Europe Central","Bag K",Electronics,46.30,5,231.50
719,2024-01-21,1,"Brian Smith","Africa North","Smartphone P",Accessories,784.97,2,1569.94
719,2024-01-21,1,"Brian Smith","Africa North","Bag P",Clothing,993.52,1,993.52
719,2024-01-21,1,"Brian Smith","Africa North","Watch J",Beauty,277.91,5,1389.55
720,2024-05-27,0,"Dr. Eric Adams","Africa North","Shirt T",Accessories,516.07,2,1032.14
720,2024-05-27,0,"Dr. Eric Adams","Africa North","Bag P",Clothing,993.52,5,4967.60
721,2024-05-22,1,"Melissa Gonzalez","Europe Central","Shirt L",Footwear,396.44,5,1982.20
722,2024-08-16,1,"Sandra Taylor","Asia South","Laptop Y",Accessories,651.21,3,1953.63
723,2025-04-09,1,"John Carter","Europe Central","Watch N",Home,743.34,5,3716.70
725,2023-04-26,0,"Melissa Gonzalez","Europe Central","Shirt D",Home,891.21,2,1782.42
725,2023-04-26,0,"Melissa Gonzalez","Europe Central","Watch B",Beauty,390.71,2,781.42
726,2023-08-20,0,"Dr. Eric Adams","Africa North","Shoes M",Footwear,208.93,3,626.79
726,2023-08-20,0,"Dr. Eric Adams","Africa North","Bag T",Electronics,256.97,5,1284.85
727,2023-06-20,0,"Cassie Velazquez","Africa South","Smartphone O",Home,217.88,2,435.76
728,2023-06-15,0,"Vincent Thomas","Europe West","Shirt D",Home,891.21,2,1782.42
728,2023-06-15,0,"Vincent Thomas","Europe West","Shoes O",Home,27.32,2,54.64
728,2023-06-15,0,"Vincent Thomas","Europe West","Laptop S",Clothing,68.27,2,136.54
729,2023-11-26,0,"James Wolfe","Asia South","Bag H",Accessories,534.44,2,1068.88
730,2024-09-07,0,"Eric Campbell","Europe West","Smartphone N",Footwear,640.31,3,1920.93
730,2024-09-07,0,"Eric Campbell","Europe West","Shirt C",Beauty,645.47,3,1936.41
730,2024-09-07,0,"Eric Campbell","Europe West","Shirt G",Electronics,464.42,5,2322.10
731,2023-09-02,0,"James Wagner","Middle East","Shoes N",Home,407.69,5,2038.45
732,2023-10-27,0,"Erica Lopez","Middle East","Shirt G",Accessories,250.09,5,1250.45
732,2023-10-27,0,"Erica Lopez","Middle East","Watch B",Beauty,703.73,1,703.73
732,2023-10-27,0,"Erica Lopez","Middle East","Shoes O",Home,27.32,2,54.64
732,2023-10-27,0,"Erica Lopez","Middle East","Shoes E",Electronics,467.31,5,2336.55
732,2023-10-27,0,"Erica Lopez","Middle East","Shirt I",Accessories,619.71,1,619.71
733,2023-08-16,0,"Chelsea Vargas","Europe West","Watch V",Beauty,343.84,4,1375.36
733,2023-08-16,0,"Chelsea Vargas","Europe West","Shoes K",Footwear,114.49,5,572.45
734,2024-03-10,0,"Lori Bray","Asia East","Shirt Z",Home,177.34,3,532.02
734,2024-03-10,0,"Lori Bray","Asia East","Bag H",Accessories,534.44,5,2672.20
736,2023-05-13,1,"Emily Crane","Europe Central","Shirt L",Footwear,396.44,4,1585.76
736,2023-05-13,1,"Emily Crane","Europe Central","Watch U",Clothing,760.93,3,2282.79
737,2024-11-04,0,"Kevin Norris","North America","Smartphone I",Accessories,627.72,2,1255.44
737,2024-11-04,0,"Kevin Norris","North America","Shirt F",Electronics,90.60,1,90.60
737,2024-11-04,0,"Kevin Norris","North America","Watch P",Clothing,285.01,3,855.03
738,2025-01-31,0,"Angela Jensen","Africa North","Shirt C",Beauty,645.47,1,645.47
738,2025-01-31,0,"Angela Jensen","Africa North","Shoes X",Accessories,123.14,4,492.56
739,2023-05-15,0,"William Smith","Middle East","Shirt U",Footwear,660.98,4,2643.92
740,2024-12-30,0,"Paige Evans","North America","Bag Y",Home,834.71,3,2504.13
740,2024-12-30,0,"Paige Evans","North America","Shoes E",Electronics,467.31,1,467.31
743,2024-01-29,0,"David Hensley","Middle East","Shoes J",Clothing,770.29,1,770.29
743,2024-01-29,0,"David Hensley","Middle East","Shirt D",Home,891.21,2,1782.42
743,2024-01-29,0,"David Hensley","Middle East","Laptop W",Beauty,345.58,3,1036.74
743,2024-01-29,0,"David Hensley","Middle East","Bag I",Home,674.20,4,2696.80
743,2024-01-29,0,"David Hensley","Middle East","Shirt U",Footwear,660.98,1,660.98
743,2024-01-29,0,"David Hensley","Middle East","Watch M",Home,54.22,4,216.88
744,2025-04-01,0,"Amanda Anderson","Middle East","Bag T",Electronics,256.97,2,513.94
744,2025-04-01,0,"Amanda Anderson","Middle East","Shirt D",Home,891.21,4,3564.84
746,2024-11-12,0,"Savannah Ramsey","Asia South","Smartphone I",Footwear,207.24,4,828.96
746,2024-11-12,0,"Savannah Ramsey","Asia South","Laptop S",Clothing,68.27,5,341.35
746,2024-11-12,0,"Savannah Ramsey","Asia South","Shirt F",Electronics,90.60,3,271.80
747,2023-11-17,0,"Katherine Coleman","Europe Central","Smartphone M",Clothing,938.56,5,4692.80
747,2023-11-17,0,"Katherine Coleman","Europe Central","Shoes O",Home,27.32,4,109.28
747,2023-11-17,0,"Katherine Coleman","Europe Central","Shirt S",Home,821.35,2,1642.70
747,2023-11-17,0,"Katherine Coleman","Europe Central","Laptop W",Beauty,345.58,4,1382.32
750,2024-12-03,0,"Michael Johnston","North America","Watch Q",Electronics,63.41,4,253.64
751,2023-06-28,0,"Abigail Figueroa","Asia South","Smartphone O",Electronics,219.23,3,657.69
752,2024-02-12,0,"Tamara Rojas","Europe Central","Bag I",Home,674.20,4,2696.80
752,2024-02-12,0,"Tamara Rojas","Europe Central","Shirt C",Beauty,645.47,2,1290.94
754,2024-12-02,0,"Cameron Fields","Europe Central","Shirt F",Electronics,90.60,2,181.20
754,2024-12-02,0,"Cameron Fields","Europe Central","Watch Y",Footwear,528.68,3,1586.04
754,2024-12-02,0,"Cameron Fields","Europe Central","Shoes X",Accessories,117.17,5,585.85
755,2024-01-27,0,"Phillip Davis","Africa North","Smartphone O",Electronics,219.23,5,1096.15
755,2024-01-27,0,"Phillip Davis","Africa North","Laptop Y",Accessories,651.21,4,2604.84
755,2024-01-27,0,"Phillip Davis","Africa North","Shoes H",Home,706.78,5,3533.90
755,2024-01-27,0,"Phillip Davis","Africa North","Bag T",Accessories,336.76,1,336.76
756,2024-07-29,0,"Rebecca Sutton","Europe West","Shirt Q",Beauty,400.46,2,800.92
756,2024-07-29,0,"Rebecca Sutton","Europe West","Shoes J",Clothing,770.29,1,770.29
757,2024-05-28,0,"Jacob Wells","Europe Central","Shoes L",Clothing,369.50,2,739.00
758,2023-06-21,0,"Nancy Shepherd","Europe Central","Watch Y",Footwear,528.68,1,528.68
758,2023-06-21,0,"Nancy Shepherd","Europe Central","Watch B",Beauty,390.71,1,390.71
758,2023-06-21,0,"Nancy Shepherd","Europe Central","Watch U",Electronics,676.79,1,676.79
760,2024-07-16,0,"Christian Edwards","South America","Shoes J",Clothing,770.29,2,1540.58
761,2024-09-18,0,"Ann Cochran","South America","Laptop S",Clothing,68.27,1,68.27
761,2024-09-18,0,"Ann Cochran","South America","Watch F",Electronics,805.81,1,805.81
761,2024-09-18,0,"Ann Cochran","South America","Smartphone U",Footwear,642.34,3,1927.02
761,2024-09-18,0,"Ann Cochran","South America","Smartphone N",Footwear,640.31,5,3201.55
761,2024-09-18,0,"Ann Cochran","South America","Shirt G",Accessories,250.09,5,1250.45
762,2024-04-22,1,"Nicholas Young","Europe West","Smartphone P",Accessories,784.97,4,3139.88
763,2025-01-27,0,"Stephanie Smith","Africa South","Shoes R",Footwear,770.25,2,1540.50
763,2025-01-27,0,"Stephanie Smith","Africa South","Shoes O",Home,27.32,5,136.60
763,2025-01-27,0,"Stephanie Smith","Africa South","Shirt F",Electronics,90.60,4,362.40
763,2025-01-27,0,"Stephanie Smith","Africa South","Laptop S",Beauty,204.37,1,204.37
764,2023-12-03,0,"Jimmy Weber","Europe West","Watch W",Home,285.27,3,855.81
765,2024-01-03,0,"Stephanie Smith","Africa South","Shirt H",Electronics,422.95,4,1691.80
765,2024-01-03,0,"Stephanie Smith","Africa South","Shoes K",Footwear,114.49,2,228.98
766,2025-02-26,0,"Kevin Sanford","Asia South","Shirt H",Electronics,422.95,4,1691.80
766,2025-02-26,0,"Kevin Sanford","Asia South","Bag K",Electronics,46.30,2,92.60
767,2024-07-27,1,"Rebecca Mccarty","Asia East","Shirt I",Accessories,619.71,4,2478.84
767,2024-07-27,1,"Rebecca Mccarty","Asia East","Shoes K",Footwear,114.49,5,572.45
767,2024-07-27,1,"Rebecca Mccarty","Asia East","Shirt R",Clothing,40.47,5,202.35
767,2024-07-27,1,"Rebecca Mccarty","Asia East","Shirt L",Footwear,396.44,3,1189.32
768,2024-01-29,0,"Brian Smith","Africa North","Smartphone I",Footwear,207.24,5,1036.20
768,2024-01-29,0,"Brian Smith","Africa North","Shirt C",Beauty,645.47,1,645.47
769,2023-08-08,0,"James Case","Europe Central","Shirt L",Footwear,396.44,5,1982.20
770,2025-02-08,0,"Claudia Williams","Asia East","Watch M",Home,54.22,2,108.44
771,2023-12-14,1,"Terry Parsons","Asia East","Bag I",Home,674.20,4,2696.80
772,2023-10-06,0,"Virginia Best",Oceania,"Bag T",Accessories,615.95,1,615.95
772,2023-10-06,0,"Virginia Best",Oceania,"Shoes N",Home,407.69,4,1630.76
773,2024-09-20,1,"Anthony Coleman","Africa North","Watch F",Electronics,805.81,5,4029.05
773,2024-09-20,1,"Anthony Coleman","Africa North","Shoes R",Footwear,770.25,1,770.25
773,2024-09-20,1,"Anthony Coleman","Africa North","Bag Y",Home,834.71,2,1669.42
773,2024-09-20,1,"Anthony Coleman","Africa North","Watch C",Electronics,235.84,5,1179.20
774,2023-09-14,0,"Terry Parsons","Asia East","Shirt R",Accessories,587.01,4,2348.04
774,2023-09-14,0,"Terry Parsons","Asia East","Shoes O",Home,27.32,3,81.96
774,2023-09-14,0,"Terry Parsons","Asia East","Smartphone O",Electronics,219.23,3,657.69
775,2024-01-18,1,"Sean Hall",Oceania,"Shirt L",Electronics,707.91,4,2831.64
776,2025-03-29,0,"Anthony Nielsen",Oceania,"Laptop J",Electronics,870.61,5,4353.05
776,2025-03-29,0,"Anthony Nielsen",Oceania,"Shirt S",Home,821.35,5,4106.75
777,2023-05-24,0,"David Hinton","North America","Smartphone K",Electronics,627.73,2,1255.46
777,2023-05-24,0,"David Hinton","North America","Bag T",Accessories,615.95,2,1231.90
777,2023-05-24,0,"David Hinton","North America","Laptop W",Electronics,316.69,1,316.69
779,2024-01-12,1,"Jeremy Booth",Oceania,"Watch N",Home,743.34,4,2973.36
780,2025-04-03,0,"Claudia Williams","Asia East","Shirt O",Footwear,363.09,4,1452.36
781,2023-05-04,0,"Amy Wright","Africa North","Watch V",Beauty,93.71,3,281.13
781,2023-05-04,0,"Amy Wright","Africa North","Shoes E",Electronics,467.31,2,934.62
781,2023-05-04,0,"Amy Wright","Africa North","Smartphone N",Footwear,640.31,2,1280.62
781,2023-05-04,0,"Amy Wright","Africa North","Watch V",Beauty,93.71,5,468.55
782,2024-11-05,0,"Stephanie Smith","Africa South","Smartphone I",Accessories,627.72,1,627.72
782,2024-11-05,0,"Stephanie Smith","Africa South","Watch P",Clothing,285.01,2,570.02
782,2024-11-05,0,"Stephanie Smith","Africa South","Shoes X",Accessories,117.17,5,585.85
782,2024-11-05,0,"Stephanie Smith","Africa South","Shoes O",Home,27.32,2,54.64
784,2024-05-07,1,"Amy Wright","Africa North","Smartphone M",Clothing,938.56,5,4692.80
784,2024-05-07,1,"Amy Wright","Africa North","Shoes R",Footwear,770.25,3,2310.75
784,2024-05-07,1,"Amy Wright","Africa North","Shirt K",Accessories,86.39,2,172.78
785,2023-10-25,0,"Andrew Quinn","Africa South","Bag F",Electronics,734.91,2,1469.82
785,2023-10-25,0,"Andrew Quinn","Africa South","Watch P",Clothing,285.01,1,285.01
787,2025-04-10,0,"Michael Castro","Europe Central","Watch Y",Footwear,528.68,1,528.68
787,2025-04-10,0,"Michael Castro","Europe Central","Shirt D",Home,637.06,1,637.06
787,2025-04-10,0,"Michael Castro","Europe Central","Shoes C",Clothing,141.88,4,567.52
788,2023-12-07,0,"Michael Padilla","Africa North","Smartphone I",Accessories,627.72,2,1255.44
789,2023-07-06,0,"Christopher Gomez",Oceania,"Shoes H",Home,706.78,1,706.78
789,2023-07-06,0,"Christopher Gomez",Oceania,"Shoes X",Accessories,123.14,3,369.42
790,2023-11-20,0,"Larry Alexander","North America","Laptop C",Electronics,520.15,5,2600.75
790,2023-11-20,0,"Larry Alexander","North America","Watch M",Home,54.22,5,271.10
791,2024-01-18,1,"Wendy Bryant",Oceania,"Bag H",Accessories,534.44,1,534.44
791,2024-01-18,1,"Wendy Bryant",Oceania,"Watch V",Beauty,93.71,3,281.13
793,2024-06-13,0,"Michael Phillips",Oceania,"Shirt L",Electronics,707.91,4,2831.64
794,2024-11-07,1,"Nathan Roy","North America","Shirt Q",Beauty,400.46,3,1201.38
794,2024-11-07,1,"Nathan Roy","North America","Smartphone N",Footwear,640.31,3,1920.93
794,2024-11-07,1,"Nathan Roy","North America","Bag T",Accessories,615.95,4,2463.80
794,2024-11-07,1,"Nathan Roy","North America","Smartphone O",Electronics,219.23,3,657.69
795,2023-11-29,0,"Lacey Ross",Oceania,"Smartphone P",Accessories,784.97,3,2354.91
795,2023-11-29,0,"Lacey Ross",Oceania,"Smartphone U",Footwear,642.34,3,1927.02
796,2023-05-26,1,"Sarah Shepherd","North America","Laptop Y",Accessories,651.21,5,3256.05
797,2024-12-20,0,"Debbie Copeland",Oceania,"Shoes L",Clothing,369.50,5,1847.50
798,2024-09-01,0,"Mrs. Cheyenne Wade MD","Africa South","Smartphone P",Accessories,784.97,3,2354.91
798,2024-09-01,0,"Mrs. Cheyenne Wade MD","Africa South","Shirt K",Accessories,86.39,5,431.95
798,2024-09-01,0,"Mrs. Cheyenne Wade MD","Africa South","Smartphone I",Accessories,627.72,3,1883.16
798,2024-09-01,0,"Mrs. Cheyenne Wade MD","Africa South","Watch U",Electronics,676.79,2,1353.58
799,2024-09-28,0,"David Hinton","North America","Smartphone M",Clothing,938.56,4,3754.24
799,2024-09-28,0,"David Hinton","North America","Bag E",Footwear,912.75,5,4563.75
800,2025-02-03,0,"Nancy Shepherd","Europe Central","Shirt L",Electronics,707.91,3,2123.73
800,2025-02-03,0,"Nancy Shepherd","Europe Central","Watch B",Beauty,703.73,2,1407.46
801,2024-03-24,0,"Rhonda Sanchez PhD","South America","Shirt D",Home,891.21,5,4456.05
801,2024-03-24,0,"Rhonda Sanchez PhD","South America","Smartphone N",Footwear,640.31,1,640.31
801,2024-03-24,0,"Rhonda Sanchez PhD","South America","Watch N",Electronics,501.21,3,1503.63
801,2024-03-24,0,"Rhonda Sanchez PhD","South America","Watch V",Beauty,343.84,3,1031.52
802,2023-05-26,0,"Mary Herrera","Europe Central","Laptop W",Beauty,345.58,4,1382.32
802,2023-05-26,0,"Mary Herrera","Europe Central","Shirt C",Beauty,645.47,5,3227.35
803,2024-04-04,0,"Katherine Fox",Oceania,"Watch C",Electronics,235.84,2,471.68
803,2024-04-04,0,"Katherine Fox",Oceania,"Bag H",Accessories,534.44,5,2672.20
805,2023-06-18,0,"Brent Robinson","Asia East","Shirt H",Electronics,422.95,3,1268.85
805,2023-06-18,0,"Brent Robinson","Asia East","Shirt W",Clothing,470.00,1,470.00
806,2024-10-09,0,"Amanda Anderson","Middle East","Bag S",Footwear,487.92,3,1463.76
806,2024-10-09,0,"Amanda Anderson","Middle East","Shirt I",Accessories,619.71,1,619.71
806,2024-10-09,0,"Amanda Anderson","Middle East","Watch B",Beauty,165.15,4,660.60
807,2024-01-26,0,"Tara Simpson","Middle East","Watch V",Beauty,343.84,5,1719.20
807,2024-01-26,0,"Tara Simpson","Middle East","Smartphone P",Accessories,784.97,4,3139.88
807,2024-01-26,0,"Tara Simpson","Middle East","Smartphone U",Footwear,642.34,5,3211.70
808,2023-08-04,1,"Kevin Scott","Africa South","Shirt T",Accessories,516.07,1,516.07
808,2023-08-04,1,"Kevin Scott","Africa South","Shoes N",Home,407.69,4,1630.76
809,2024-07-19,0,"Samuel Chen","Asia East","Watch P",Clothing,285.01,4,1140.04
809,2024-07-19,0,"Samuel Chen","Asia East","Shirt Z",Home,854.04,5,4270.20
809,2024-07-19,0,"Samuel Chen","Asia East","Laptop X",Electronics,568.48,4,2273.92
810,2024-04-28,0,"April Greene","Africa North","Shirt G",Accessories,250.09,3,750.27
810,2024-04-28,0,"April Greene","Africa North","Shirt L",Footwear,396.44,3,1189.32
810,2024-04-28,0,"April Greene","Africa North","Shoes H",Home,706.78,4,2827.12
811,2024-11-08,0,"Amanda Anderson","Middle East","Shirt D",Home,637.06,4,2548.24
811,2024-11-08,0,"Amanda Anderson","Middle East","Bag T",Accessories,615.95,2,1231.90
812,2023-07-31,0,"Claudia Williams","Asia East","Smartphone N",Footwear,640.31,2,1280.62
812,2023-07-31,0,"Claudia Williams","Asia East","Shirt O",Footwear,363.09,5,1815.45
812,2023-07-31,0,"Claudia Williams","Asia East","Watch E",Beauty,172.54,3,517.62
813,2023-12-11,1,"Kristen Rose","North America","Shirt D",Home,637.06,3,1911.18
813,2023-12-11,1,"Kristen Rose","North America","Bag R",Beauty,61.28,5,306.40
814,2024-08-30,0,"Katherine Coleman","Europe Central","Shirt Z",Home,177.34,1,177.34
814,2024-08-30,0,"Katherine Coleman","Europe Central","Smartphone I",Accessories,627.72,5,3138.60
815,2024-12-24,0,"Kevin Diaz","South America","Shirt A",Footwear,420.58,2,841.16
815,2024-12-24,0,"Kevin Diaz","South America","Laptop W",Electronics,316.69,3,950.07
815,2024-12-24,0,"Kevin Diaz","South America","Smartphone I",Footwear,207.24,4,828.96
816,2023-06-30,0,"Charles Hudson",Oceania,"Shoes X",Accessories,123.14,3,369.42
817,2023-08-27,1,"Elizabeth Anderson","South America","Bag P",Accessories,632.27,1,632.27
817,2023-08-27,1,"Elizabeth Anderson","South America","Laptop J",Electronics,870.61,5,4353.05
817,2023-08-27,1,"Elizabeth Anderson","South America","Laptop S",Beauty,204.37,4,817.48
817,2023-08-27,1,"Elizabeth Anderson","South America","Watch P",Clothing,285.01,2,570.02
818,2023-07-10,1,"Larry Alexander","North America","Shoes E",Electronics,467.31,1,467.31
819,2024-07-07,1,"Kelly Mcneil","Asia East","Laptop S",Clothing,68.27,3,204.81
820,2024-06-21,0,"Abigail Figueroa","Asia South","Bag I",Home,674.20,1,674.20
820,2024-06-21,0,"Abigail Figueroa","Asia South","Watch V",Beauty,343.84,5,1719.20
820,2024-06-21,0,"Abigail Figueroa","Asia South","Shoes X",Accessories,117.17,5,585.85
820,2024-06-21,0,"Abigail Figueroa","Asia South","Laptop S",Beauty,204.37,4,817.48
820,2024-06-21,0,"Abigail Figueroa","Asia South","Bag K",Electronics,46.30,5,231.50
820,2024-06-21,0,"Abigail Figueroa","Asia South","Shoes K",Footwear,114.49,1,114.49
821,2024-07-13,1,"Michael Padilla","Africa North","Laptop S",Beauty,204.37,1,204.37
821,2024-07-13,1,"Michael Padilla","Africa North","Smartphone M",Clothing,938.56,3,2815.68
821,2024-07-13,1,"Michael Padilla","Africa North","Watch V",Beauty,343.84,1,343.84
821,2024-07-13,1,"Michael Padilla","Africa North","Smartphone N",Footwear,640.31,1,640.31
822,2025-02-13,1,"Melissa Barton","Europe West","Watch N",Home,743.34,5,3716.70
823,2024-03-14,1,"Matthew Acevedo","South America","Watch Q",Electronics,63.41,4,253.64
823,2024-03-14,1,"Matthew Acevedo","South America","Smartphone I",Accessories,627.72,3,1883.16
823,2024-03-14,1,"Matthew Acevedo","South America","Bag I",Home,674.20,2,1348.40
824,2023-06-13,0,"Paula Robinson","Asia South","Smartphone O",Home,217.88,4,871.52
824,2023-06-13,0,"Paula Robinson","Asia South","Watch J",Beauty,277.91,4,1111.64
825,2024-11-24,0,"Kevin Diaz","South America","Shirt Z",Home,854.04,4,3416.16
825,2024-11-24,0,"Kevin Diaz","South America","Bag T",Accessories,615.95,2,1231.90
826,2023-06-17,0,"David Watson","Asia South","Bag E",Footwear,912.75,4,3651.00
826,2023-06-17,0,"David Watson","Asia South","Bag K",Electronics,46.30,5,231.50
827,2023-04-23,0,"Tyler Gibson",Oceania,"Bag H",Accessories,534.44,2,1068.88
827,2023-04-23,0,"Tyler Gibson",Oceania,"Shirt L",Footwear,396.44,1,396.44
828,2024-11-08,0,"Christopher Garcia","Europe West","Watch G",Electronics,690.67,5,3453.35
828,2024-11-08,0,"Christopher Garcia","Europe West","Watch F",Electronics,256.94,2,513.88
829,2024-10-07,0,"Kristen Rose","North America","Shoes H",Home,706.78,1,706.78
829,2024-10-07,0,"Kristen Rose","North America","Laptop C",Electronics,520.15,3,1560.45
830,2024-03-08,0,"Chelsea Vargas","Europe West","Shirt A",Footwear,420.58,3,1261.74
830,2024-03-08,0,"Chelsea Vargas","Europe West","Laptop W",Beauty,345.58,4,1382.32
830,2024-03-08,0,"Chelsea Vargas","Europe West","Shirt Q",Electronics,142.49,1,142.49
831,2024-02-21,1,"Paul Combs","South America","Bag P",Clothing,993.52,5,4967.60
832,2023-08-03,0,"Justin Sanchez","Africa North","Watch Y",Footwear,528.68,2,1057.36
832,2023-08-03,0,"Justin Sanchez","Africa North","Bag E",Footwear,912.75,5,4563.75
832,2023-08-03,0,"Justin Sanchez","Africa North","Smartphone O",Electronics,219.23,5,1096.15
833,2023-12-15,0,"Michele Brandt","South America","Smartphone I",Footwear,207.24,5,1036.20
833,2023-12-15,0,"Michele Brandt","South America","Smartphone G",Electronics,729.92,5,3649.60
833,2023-12-15,0,"Michele Brandt","South America","Laptop V",Home,209.60,1,209.60
834,2024-06-21,1,"Cassie Velazquez","Africa South","Watch V",Beauty,343.84,4,1375.36
834,2024-06-21,1,"Cassie Velazquez","Africa South","Bag F",Electronics,734.91,3,2204.73
835,2025-02-10,0,"Mark Warner","Asia South","Laptop S",Beauty,204.37,1,204.37
835,2025-02-10,0,"Mark Warner","Asia South","Watch B",Beauty,165.15,5,825.75
836,2024-08-05,0,"Tara Simpson","Middle East","Watch P",Clothing,285.01,4,1140.04
836,2024-08-05,0,"Tara Simpson","Middle East","Watch C",Electronics,235.84,3,707.52
836,2024-08-05,0,"Tara Simpson","Middle East","Smartphone Z",Beauty,527.04,1,527.04
837,2025-02-24,0,"Jessica Smith",Oceania,"Watch Q",Electronics,63.41,3,190.23
838,2024-11-27,1,"Derrick Carter","Middle East","Shirt Z",Home,854.04,2,1708.08
838,2024-11-27,1,"Derrick Carter","Middle East","Smartphone A",Accessories,334.61,4,1338.44
839,2024-10-23,0,"Cameron Fields","Europe Central","Shirt R",Accessories,587.01,2,1174.02
839,2024-10-23,0,"Cameron Fields","Europe Central","Shoes D",Home,858.32,4,3433.28
841,2025-03-18,0,"Terry Parsons","Asia East","Shirt W",Clothing,470.00,4,1880.00
841,2025-03-18,0,"Terry Parsons","Asia East","Watch B",Beauty,390.71,5,1953.55
842,2025-01-27,1,"Joshua Rush","Europe West","Bag S",Footwear,487.92,4,1951.68
842,2025-01-27,1,"Joshua Rush","Europe West","Bag S",Footwear,487.92,4,1951.68
842,2025-01-27,1,"Joshua Rush","Europe West","Shirt A",Footwear,420.58,5,2102.90
844,2023-12-16,1,"Nathan Roy","North America","Shoes M",Footwear,208.93,5,1044.65
844,2023-12-16,1,"Nathan Roy","North America","Watch V",Beauty,343.84,2,687.68
846,2024-06-14,0,"Anthony Harper","Asia East","Shoes X",Accessories,123.14,5,615.70
846,2024-06-14,0,"Anthony Harper","Asia East","Bag Q",Beauty,810.60,2,1621.20
846,2024-06-14,0,"Anthony Harper","Asia East","Bag J",Footwear,368.89,5,1844.45
847,2024-02-12,0,"Steve Cooke","South America","Bag S",Footwear,487.92,4,1951.68
848,2023-05-29,0,"Robert Edwards","Africa South","Shoes E",Electronics,467.31,1,467.31
848,2023-05-29,0,"Robert Edwards","Africa South","Watch C",Electronics,235.84,5,1179.20
849,2023-05-27,1,"Rhonda Sanchez PhD","South America","Smartphone I",Footwear,207.24,2,414.48
850,2025-02-25,1,"Alan Young","Africa North","Watch U",Clothing,760.93,5,3804.65
850,2025-02-25,1,"Alan Young","Africa North","Shoes H",Electronics,333.56,3,1000.68
850,2025-02-25,1,"Alan Young","Africa North","Watch B",Beauty,390.71,1,390.71
851,2024-09-18,1,"Nicholas Young","Europe West","Watch B",Beauty,390.71,2,781.42
851,2024-09-18,1,"Nicholas Young","Europe West","Shirt K",Accessories,86.39,3,259.17
852,2024-03-28,1,"Angela Mendoza","Asia East","Shirt C",Beauty,645.47,1,645.47
852,2024-03-28,1,"Angela Mendoza","Asia East","Watch V",Beauty,343.84,5,1719.20
853,2024-04-16,1,"David Blankenship","Africa North","Shirt Z",Home,854.04,3,2562.12
853,2024-04-16,1,"David Blankenship","Africa North","Smartphone M",Clothing,938.56,5,4692.80
854,2024-12-20,0,"Angela Jensen","Africa North","Shoes E",Beauty,77.75,4,311.00
854,2024-12-20,0,"Angela Jensen","Africa North","Watch U",Electronics,676.79,4,2707.16
854,2024-12-20,0,"Angela Jensen","Africa North","Smartphone K",Electronics,627.73,1,627.73
855,2023-08-04,0,"Michelle Cortez","Middle East","Bag P",Accessories,632.27,3,1896.81
855,2023-08-04,0,"Michelle Cortez","Middle East","Bag E",Footwear,912.75,4,3651.00
856,2025-02-26,1,"Michael Williamson",Oceania,"Smartphone D",Accessories,107.03,2,214.06
858,2024-01-18,1,"Donna Chandler","Africa North","Watch M",Home,54.22,4,216.88
858,2024-01-18,1,"Donna Chandler","Africa North","Smartphone U",Footwear,642.34,2,1284.68
859,2024-11-03,0,"David Watson","Asia South","Watch G",Electronics,690.67,2,1381.34
859,2024-11-03,0,"David Watson","Asia South","Watch J",Beauty,277.91,5,1389.55
859,2024-11-03,0,"David Watson","Asia South","Shirt Z",Home,854.04,4,3416.16
860,2024-10-13,0,"Dr. Eric Adams","Africa North","Shirt Q",Beauty,400.46,3,1201.38
860,2024-10-13,0,"Dr. Eric Adams","Africa North","Shirt C",Beauty,645.47,1,645.47
861,2024-10-04,1,"John Fisher","Asia East","Laptop W",Electronics,316.69,3,950.07
861,2024-10-04,1,"John Fisher","Asia East","Bag Y",Home,834.71,1,834.71
861,2024-10-04,1,"John Fisher","Asia East","Shoes M",Footwear,208.93,3,626.79
862,2023-06-21,1,"Steve Cooke","South America","Laptop X",Electronics,568.48,1,568.48
862,2023-06-21,1,"Steve Cooke","South America","Shoes E",Beauty,77.75,4,311.00
863,2023-11-02,0,"Randy Terry","Africa South","Bag P",Accessories,632.27,4,2529.08
863,2023-11-02,0,"Randy Terry","Africa South","Watch Q",Electronics,63.41,4,253.64
863,2023-11-02,0,"Randy Terry","Africa South","Smartphone U",Footwear,642.34,3,1927.02
864,2024-07-21,1,"David Hinton","North America","Laptop J",Electronics,870.61,3,2611.83
866,2024-09-26,0,"Angela Mcdonald","South America","Shoes O",Home,27.32,5,136.60
866,2024-09-26,0,"Angela Mcdonald","South America","Bag H",Accessories,534.44,3,1603.32
866,2024-09-26,0,"Angela Mcdonald","South America","Watch N",Electronics,501.21,1,501.21
866,2024-09-26,0,"Angela Mcdonald","South America","Watch B",Beauty,165.15,1,165.15
867,2024-05-23,0,"Jesse White","North America","Shoes R",Footwear,770.25,4,3081.00
867,2024-05-23,0,"Jesse White","North America","Shoes E",Beauty,77.75,5,388.75
867,2024-05-23,0,"Jesse White","North America","Laptop B",Clothing,739.49,5,3697.45
867,2024-05-23,0,"Jesse White","North America","Watch N",Electronics,501.21,2,1002.42
869,2024-09-03,1,"Ann Cochran","South America","Smartphone N",Footwear,640.31,3,1920.93
869,2024-09-03,1,"Ann Cochran","South America","Watch V",Beauty,343.84,1,343.84
870,2024-12-02,0,"Thomas Lewis","Europe West","Laptop W",Beauty,345.58,5,1727.90
870,2024-12-02,0,"Thomas Lewis","Europe West","Shoes R",Footwear,770.25,4,3081.00
870,2024-12-02,0,"Thomas Lewis","Europe West","Shirt S",Home,821.35,3,2464.05
870,2024-12-02,0,"Thomas Lewis","Europe West","Watch U",Clothing,760.93,1,760.93
872,2025-01-26,0,"Charles Hudson",Oceania,"Shoes C",Clothing,141.88,1,141.88
872,2025-01-26,0,"Charles Hudson",Oceania,"Smartphone O",Home,217.88,2,435.76
873,2024-05-25,0,"Matthew Young","Africa South","Smartphone G",Electronics,729.92,3,2189.76
875,2023-06-24,0,"Kimberly Ryan","Europe West","Watch G",Electronics,690.67,2,1381.34
875,2023-06-24,0,"Kimberly Ryan","Europe West","Watch F",Electronics,805.81,3,2417.43
875,2023-06-24,0,"Kimberly Ryan","Europe West","Laptop S",Beauty,204.37,4,817.48
875,2023-06-24,0,"Kimberly Ryan","Europe West","Shirt R",Clothing,40.47,3,121.41
877,2024-03-13,0,"Patrick Lang","Asia East","Bag T",Electronics,256.97,4,1027.88
877,2024-03-13,0,"Patrick Lang","Asia East","Shoes X",Accessories,117.17,1,117.17
878,2023-05-31,0,"Jimmy Weber","Europe West","Shirt A",Footwear,420.58,3,1261.74
878,2023-05-31,0,"Jimmy Weber","Europe West","Watch N",Home,743.34,4,2973.36
879,2023-12-03,0,"Mark Burns","North America","Shirt U",Footwear,660.98,1,660.98
879,2023-12-03,0,"Mark Burns","North America","Watch N",Home,743.34,2,1486.68
879,2023-12-03,0,"Mark Burns","North America","Shirt I",Accessories,619.71,5,3098.55
879,2023-12-03,0,"Mark Burns","North America","Shoes C",Clothing,141.88,5,709.40
880,2023-07-13,0,"Samuel Chen","Asia East","Shirt U",Footwear,660.98,1,660.98
881,2025-04-09,0,"Robert Bond",Oceania,"Shirt R",Clothing,40.47,3,121.41
882,2023-12-08,0,"Christopher Garcia","Europe West","Bag P",Accessories,632.27,1,632.27
882,2023-12-08,0,"Christopher Garcia","Europe West","Shoes D",Home,858.32,5,4291.60
882,2023-12-08,0,"Christopher Garcia","Europe West","Bag T",Accessories,615.95,1,615.95
883,2024-10-03,0,"Donna Chandler","Africa North","Smartphone K",Electronics,627.73,5,3138.65
884,2025-02-23,1,"Joseph Barber","Asia East","Smartphone G",Electronics,729.92,3,2189.76
884,2025-02-23,1,"Joseph Barber","Asia East","Shirt Z",Home,177.34,2,354.68
884,2025-02-23,1,"Joseph Barber","Asia East","Bag K",Electronics,46.30,5,231.50
885,2024-03-20,1,"April Greene","Africa North","Bag Y",Home,834.71,3,2504.13
885,2024-03-20,1,"April Greene","Africa North","Smartphone A",Accessories,334.61,2,669.22
885,2024-03-20,1,"April Greene","Africa North","Shoes E",Electronics,467.31,1,467.31
886,2023-07-02,0,"David Hensley","Middle East","Bag T",Accessories,615.95,4,2463.80
887,2025-04-06,0,"Michael Johnston","North America","Shirt D",Home,891.21,3,2673.63
888,2023-12-28,0,"Pamela Jones","Europe Central","Shoes L",Clothing,369.50,2,739.00
888,2023-12-28,0,"Pamela Jones","Europe Central","Shirt W",Clothing,470.00,5,2350.00
888,2023-12-28,0,"Pamela Jones","Europe Central","Shoes X",Accessories,117.17,4,468.68
888,2023-12-28,0,"Pamela Jones","Europe Central","Laptop J",Electronics,870.61,4,3482.44
889,2024-09-04,0,"Michele Brandt","South America","Shirt G",Accessories,250.09,3,750.27
889,2024-09-04,0,"Michele Brandt","South America","Laptop V",Home,209.60,4,838.40
889,2024-09-04,0,"Michele Brandt","South America","Shoes C",Clothing,141.88,1,141.88
890,2023-12-18,0,"Melissa Barton","Europe West","Laptop W",Beauty,345.58,1,345.58
890,2023-12-18,0,"Melissa Barton","Europe West","Watch Q",Electronics,63.41,5,317.05
890,2023-12-18,0,"Melissa Barton","Europe West","Smartphone D",Accessories,107.03,3,321.09
890,2023-12-18,0,"Melissa Barton","Europe West","Watch U",Electronics,676.79,4,2707.16
890,2023-12-18,0,"Melissa Barton","Europe West","Laptop X",Electronics,568.48,3,1705.44
890,2023-12-18,0,"Melissa Barton","Europe West","Watch C",Electronics,235.84,1,235.84
891,2025-02-24,0,"Amanda Anderson","Middle East","Shoes X",Accessories,117.17,1,117.17
891,2025-02-24,0,"Amanda Anderson","Middle East","Bag P",Accessories,632.27,2,1264.54
891,2025-02-24,0,"Amanda Anderson","Middle East","Shirt I",Accessories,619.71,1,619.71
891,2025-02-24,0,"Amanda Anderson","Middle East","Watch U",Electronics,676.79,4,2707.16
892,2024-11-19,0,"Michael Lee","North America","Watch J",Beauty,277.91,5,1389.55
892,2024-11-19,0,"Michael Lee","North America","Bag T",Accessories,336.76,4,1347.04
892,2024-11-19,0,"Michael Lee","North America","Shirt R",Clothing,40.47,4,161.88
892,2024-11-19,0,"Michael Lee","North America","Watch A",Footwear,230.74,1,230.74
893,2024-10-03,0,"Mary Jensen",Oceania,"Shirt Z",Home,177.34,4,709.36
893,2024-10-03,0,"Mary Jensen",Oceania,"Shirt Q",Beauty,400.46,1,400.46
893,2024-10-03,0,"Mary Jensen",Oceania,"Watch M",Home,54.22,4,216.88
893,2024-10-03,0,"Mary Jensen",Oceania,"Smartphone I",Footwear,207.24,1,207.24
894,2023-10-09,1,"Steve Cooke","South America","Shoes L",Clothing,403.36,2,806.72
894,2023-10-09,1,"Steve Cooke","South America","Laptop Y",Accessories,651.21,3,1953.63
895,2023-08-27,0,"Amber Potter","Asia East","Watch Y",Footwear,528.68,3,1586.04
895,2023-08-27,0,"Amber Potter","Asia East","Watch N",Home,743.34,2,1486.68
895,2023-08-27,0,"Amber Potter","Asia East","Watch B",Beauty,703.73,3,2111.19
895,2023-08-27,0,"Amber Potter","Asia East","Watch F",Electronics,256.94,3,770.82
896,2024-12-05,0,"Christopher Hebert DVM","Middle East","Shoes H",Home,706.78,4,2827.12
897,2024-11-28,0,"Nathan Roy","North America","Bag R",Beauty,61.28,1,61.28
897,2024-11-28,0,"Nathan Roy","North America","Smartphone K",Electronics,627.73,1,627.73
897,2024-11-28,0,"Nathan Roy","North America","Laptop W",Beauty,345.58,1,345.58
897,2024-11-28,0,"Nathan Roy","North America","Watch F",Electronics,805.81,4,3223.24
899,2024-12-05,1,"Pamela Jones","Europe Central","Smartphone P",Accessories,784.97,1,784.97
899,2024-12-05,1,"Pamela Jones","Europe Central","Watch N",Home,743.34,4,2973.36
899,2024-12-05,1,"Pamela Jones","Europe Central","Watch U",Clothing,760.93,2,1521.86
902,2024-08-05,0,"Mary Henderson",Oceania,"Shoes E",Electronics,467.31,3,1401.93
902,2024-08-05,0,"Mary Henderson",Oceania,"Shirt U",Footwear,660.98,2,1321.96
903,2024-04-27,0,"Cole Day","South America","Smartphone P",Accessories,784.97,4,3139.88
903,2024-04-27,0,"Cole Day","South America","Bag P",Clothing,993.52,4,3974.08
904,2024-10-05,0,"Katherine Coleman","Europe Central","Bag P",Accessories,632.27,5,3161.35
904,2024-10-05,0,"Katherine Coleman","Europe Central","Shoes D",Home,858.32,5,4291.60
904,2024-10-05,0,"Katherine Coleman","Europe Central","Laptop C",Electronics,520.15,1,520.15
905,2024-12-01,0,"Jenna Allen","Europe West","Laptop V",Home,209.60,2,419.20
905,2024-12-01,0,"Jenna Allen","Europe West","Watch F",Electronics,805.81,5,4029.05
905,2024-12-01,0,"Jenna Allen","Europe West","Watch B",Beauty,390.71,3,1172.13
907,2023-06-05,0,"Jennifer Johnson","Africa North","Watch J",Beauty,277.91,5,1389.55
908,2024-12-05,0,"Thomas Lewis","Europe West","Watch F",Electronics,256.94,4,1027.76
908,2024-12-05,0,"Thomas Lewis","Europe West","Watch Q",Electronics,63.41,2,126.82
908,2024-12-05,0,"Thomas Lewis","Europe West","Smartphone M",Clothing,938.56,2,1877.12
908,2024-12-05,0,"Thomas Lewis","Europe West","Watch P",Clothing,285.01,3,855.03
909,2023-09-18,0,"Robert Bond",Oceania,"Smartphone Z",Beauty,527.04,1,527.04
909,2023-09-18,0,"Robert Bond",Oceania,"Smartphone P",Accessories,784.97,1,784.97
910,2024-06-22,1,"Justin Elliott","Asia East","Smartphone N",Footwear,640.31,2,1280.62
912,2024-12-10,0,"Rhonda Sanchez PhD","South America","Shoes H",Home,706.78,3,2120.34
912,2024-12-10,0,"Rhonda Sanchez PhD","South America","Shirt U",Footwear,660.98,5,3304.90
912,2024-12-10,0,"Rhonda Sanchez PhD","South America","Watch P",Clothing,285.01,4,1140.04
912,2024-12-10,0,"Rhonda Sanchez PhD","South America","Shirt Q",Electronics,142.49,1,142.49
913,2024-03-14,0,"Debra Brooks","Africa South","Bag K",Electronics,46.30,5,231.50
913,2024-03-14,0,"Debra Brooks","Africa South","Bag Y",Home,834.71,5,4173.55
913,2024-03-14,0,"Debra Brooks","Africa South","Bag F",Electronics,734.91,1,734.91
914,2023-09-23,0,"Melissa Gonzalez","Europe Central","Laptop C",Electronics,520.15,4,2080.60
914,2023-09-23,0,"Melissa Gonzalez","Europe Central","Watch Y",Footwear,528.68,2,1057.36
914,2023-09-23,0,"Melissa Gonzalez","Europe Central","Laptop V",Home,209.60,3,628.80
915,2024-02-03,0,"Jimmy Weber","Europe West","Shirt G",Electronics,464.42,1,464.42
915,2024-02-03,0,"Jimmy Weber","Europe West","Watch B",Beauty,390.71,2,781.42
915,2024-02-03,0,"Jimmy Weber","Europe West","Shoes D",Home,858.32,5,4291.60
916,2024-02-04,0,"Lacey Ross",Oceania,"Shirt U",Footwear,660.98,2,1321.96
916,2024-02-04,0,"Lacey Ross",Oceania,"Shirt R",Accessories,587.01,1,587.01
916,2024-02-04,0,"Lacey Ross",Oceania,"Bag R",Beauty,61.28,4,245.12
916,2024-02-04,0,"Lacey Ross",Oceania,"Shirt D",Home,891.21,5,4456.05
917,2024-05-22,1,"Justin Elliott","Asia East","Shirt A",Footwear,420.58,2,841.16
917,2024-05-22,1,"Justin Elliott","Asia East","Watch N",Home,743.34,2,1486.68
917,2024-05-22,1,"Justin Elliott","Asia East","Shirt U",Footwear,660.98,5,3304.90
917,2024-05-22,1,"Justin Elliott","Asia East","Watch W",Home,285.27,2,570.54
919,2023-09-30,0,"Matthew Smith","North America","Shirt G",Accessories,250.09,2,500.18
919,2023-09-30,0,"Matthew Smith","North America","Watch F",Electronics,805.81,3,2417.43
919,2023-09-30,0,"Matthew Smith","North America","Watch P",Clothing,285.01,4,1140.04
920,2024-02-13,0,"Christopher Patterson","Middle East","Smartphone K",Electronics,627.73,1,627.73
920,2024-02-13,0,"Christopher Patterson","Middle East","Watch M",Beauty,979.92,4,3919.68
920,2024-02-13,0,"Christopher Patterson","Middle East","Bag R",Beauty,61.28,3,183.84
921,2023-11-29,0,"Melanie Davis","Asia East","Bag I",Home,674.20,4,2696.80
921,2023-11-29,0,"Melanie Davis","Asia East","Bag E",Footwear,912.75,4,3651.00
921,2023-11-29,0,"Melanie Davis","Asia East","Watch J",Beauty,277.91,4,1111.64
921,2023-11-29,0,"Melanie Davis","Asia East","Shirt S",Home,821.35,4,3285.40
921,2023-11-29,0,"Melanie Davis","Asia East","Smartphone P",Accessories,784.97,5,3924.85
921,2023-11-29,0,"Melanie Davis","Asia East","Watch F",Electronics,256.94,1,256.94
921,2023-11-29,0,"Melanie Davis","Asia East","Watch P",Clothing,285.01,1,285.01
922,2024-09-20,0,"Lori Bray","Asia East","Bag S",Footwear,487.92,2,975.84
922,2024-09-20,0,"Lori Bray","Asia East","Watch B",Beauty,165.15,4,660.60
922,2024-09-20,0,"Lori Bray","Asia East","Shirt G",Electronics,464.42,5,2322.10
923,2023-10-02,0,"Nancy Shepherd","Europe Central","Shirt G",Accessories,250.09,3,750.27
923,2023-10-02,0,"Nancy Shepherd","Europe Central","Smartphone O",Home,217.88,5,1089.40
924,2023-05-03,0,"Jesse White","North America","Watch F",Electronics,256.94,1,256.94
924,2023-05-03,0,"Jesse White","North America","Shoes N",Home,407.69,2,815.38
924,2023-05-03,0,"Jesse White","North America","Shoes C",Clothing,141.88,4,567.52
925,2023-11-27,0,"Angela Mendoza","Asia East","Laptop X",Electronics,568.48,4,2273.92
926,2024-04-04,0,"Jessica Smith",Oceania,"Bag S",Footwear,487.92,2,975.84
927,2023-07-08,0,"Christopher Miller","Europe West","Smartphone K",Electronics,627.73,5,3138.65
927,2023-07-08,0,"Christopher Miller","Europe West","Smartphone M",Clothing,938.56,4,3754.24
928,2024-08-23,0,"Rebecca Sutton","Europe West","Bag I",Home,674.20,1,674.20
928,2024-08-23,0,"Rebecca Sutton","Europe West","Shirt L",Electronics,707.91,4,2831.64
928,2024-08-23,0,"Rebecca Sutton","Europe West","Watch B",Beauty,390.71,5,1953.55
928,2024-08-23,0,"Rebecca Sutton","Europe West","Watch B",Beauty,390.71,4,1562.84
928,2024-08-23,0,"Rebecca Sutton","Europe West","Shirt D",Home,891.21,5,4456.05
929,2024-06-08,0,"Erin Douglas","Asia East","Shoes L",Clothing,369.50,2,739.00
929,2024-06-08,0,"Erin Douglas","Asia East","Watch F",Electronics,256.94,4,1027.76
929,2024-06-08,0,"Erin Douglas","Asia East","Smartphone N",Footwear,640.31,5,3201.55
930,2024-03-04,0,"Michael Bowen","Europe Central","Smartphone I",Accessories,627.72,3,1883.16
930,2024-03-04,0,"Michael Bowen","Europe Central","Smartphone P",Accessories,784.97,3,2354.91
931,2024-05-31,1,"Lisa Sheppard","Asia East","Watch E",Beauty,172.54,5,862.70
931,2024-05-31,1,"Lisa Sheppard","Asia East","Shirt W",Clothing,470.00,1,470.00
931,2024-05-31,1,"Lisa Sheppard","Asia East","Watch P",Clothing,285.01,3,855.03
931,2024-05-31,1,"Lisa Sheppard","Asia East","Shirt D",Home,891.21,2,1782.42
933,2024-04-03,0,"Terry Parsons","Asia East","Shoes O",Home,27.32,2,54.64
933,2024-04-03,0,"Terry Parsons","Asia East","Watch Y",Footwear,528.68,3,1586.04
933,2024-04-03,0,"Terry Parsons","Asia East","Watch M",Beauty,979.92,3,2939.76
933,2024-04-03,0,"Terry Parsons","Asia East","Watch E",Beauty,172.54,3,517.62
934,2023-06-29,0,"Debra Brooks","Africa South","Shoes H",Home,706.78,3,2120.34
935,2024-08-04,0,"Leon Banks","Africa North","Smartphone I",Accessories,627.72,3,1883.16
936,2024-05-03,0,"Andrew Quinn","Africa South","Shirt C",Beauty,645.47,3,1936.41
936,2024-05-03,0,"Andrew Quinn","Africa South","Smartphone O",Home,217.88,1,217.88
937,2023-08-12,0,"Steve Cooke","South America","Shoes O",Home,27.32,3,81.96
937,2023-08-12,0,"Steve Cooke","South America","Shirt Z",Home,854.04,2,1708.08
937,2023-08-12,0,"Steve Cooke","South America","Shirt G",Accessories,250.09,5,1250.45
938,2023-12-26,0,"Christopher Patterson","Middle East","Shoes X",Accessories,117.17,1,117.17
939,2024-12-23,0,"Jennifer Johnson","Africa North","Shirt H",Electronics,422.95,1,422.95
940,2024-01-26,0,"Ricky Cooper","Africa South","Watch Y",Footwear,528.68,2,1057.36
940,2024-01-26,0,"Ricky Cooper","Africa South","Smartphone D",Accessories,107.03,3,321.09
940,2024-01-26,0,"Ricky Cooper","Africa South","Shoes E",Beauty,77.75,4,311.00
940,2024-01-26,0,"Ricky Cooper","Africa South","Shirt L",Electronics,707.91,5,3539.55
943,2024-01-28,0,"Lisa Sheppard","Asia East","Bag E",Footwear,912.75,4,3651.00
943,2024-01-28,0,"Lisa Sheppard","Asia East","Laptop V",Footwear,101.30,5,506.50
943,2024-01-28,0,"Lisa Sheppard","Asia East","Shirt U",Footwear,660.98,4,2643.92
944,2023-08-25,1,"Ryan Fisher","North America","Shoes E",Electronics,467.31,3,1401.93
944,2023-08-25,1,"Ryan Fisher","North America","Laptop V",Home,209.60,4,838.40
946,2024-09-11,0,"Phillip Davis","Africa North","Shoes L",Clothing,369.50,3,1108.50
946,2024-09-11,0,"Phillip Davis","Africa North","Smartphone U",Footwear,642.34,2,1284.68
946,2024-09-11,0,"Phillip Davis","Africa North","Watch U",Clothing,760.93,5,3804.65
946,2024-09-11,0,"Phillip Davis","Africa North","Shoes H",Home,706.78,2,1413.56
946,2024-09-11,0,"Phillip Davis","Africa North","Bag T",Accessories,336.76,2,673.52
948,2024-07-04,1,"James Gonzalez","Africa South","Laptop W",Electronics,316.69,1,316.69
948,2024-07-04,1,"James Gonzalez","Africa South","Watch B",Beauty,390.71,4,1562.84
949,2023-06-17,0,"Maureen Sanchez","North America","Shirt S",Home,821.35,2,1642.70
949,2023-06-17,0,"Maureen Sanchez","North America","Shirt S",Home,821.35,3,2464.05
950,2023-06-26,1,"Megan Marshall","Europe West","Shoes K",Footwear,114.49,4,457.96
950,2023-06-26,1,"Megan Marshall","Europe West","Laptop S",Beauty,204.37,3,613.11
950,2023-06-26,1,"Megan Marshall","Europe West","Bag R",Beauty,61.28,3,183.84
950,2023-06-26,1,"Megan Marshall","Europe West","Shirt I",Accessories,619.71,3,1859.13
950,2023-06-26,1,"Megan Marshall","Europe West","Bag K",Electronics,46.30,1,46.30
951,2024-10-20,1,"Ryan Fisher","North America","Watch G",Electronics,690.67,1,690.67
951,2024-10-20,1,"Ryan Fisher","North America","Smartphone N",Footwear,640.31,3,1920.93
953,2024-09-19,1,"Larry Alexander","North America","Watch N",Electronics,501.21,5,2506.05
954,2024-05-07,0,"John Barton","Europe West","Watch N",Electronics,501.21,2,1002.42
954,2024-05-07,0,"John Barton","Europe West","Smartphone A",Accessories,334.61,2,669.22
955,2025-03-08,0,"Virginia Best",Oceania,"Shoes X",Accessories,123.14,5,615.70
955,2025-03-08,0,"Virginia Best",Oceania,"Bag K",Electronics,46.30,4,185.20
955,2025-03-08,0,"Virginia Best",Oceania,"Laptop Y",Accessories,651.21,4,2604.84
955,2025-03-08,0,"Virginia Best",Oceania,"Shirt S",Home,821.35,2,1642.70
955,2025-03-08,0,"Virginia Best",Oceania,"Shirt R",Clothing,40.47,4,161.88
956,2024-07-26,0,"Joshua Rush","Europe West","Shirt R",Accessories,587.01,1,587.01
956,2024-07-26,0,"Joshua Rush","Europe West","Shoes D",Home,858.32,1,858.32
957,2023-07-14,0,"Jennifer Love","North America","Watch M",Home,54.22,3,162.66
957,2023-07-14,0,"Jennifer Love","North America","Shoes N",Home,407.69,1,407.69
958,2023-07-19,0,"Melanie Davis","Asia East","Watch V",Beauty,93.71,5,468.55
958,2023-07-19,0,"Melanie Davis","Asia East","Smartphone M",Clothing,938.56,3,2815.68
959,2024-05-03,1,"Lori Bray","Asia East","Shoes X",Accessories,117.17,2,234.34
959,2024-05-03,1,"Lori Bray","Asia East","Smartphone U",Footwear,642.34,4,2569.36
959,2024-05-03,1,"Lori Bray","Asia East","Shirt I",Accessories,619.71,4,2478.84
960,2023-06-04,0,"Dr. Eric Adams","Africa North","Shirt T",Accessories,516.07,4,2064.28
960,2023-06-04,0,"Dr. Eric Adams","Africa North","Bag I",Home,674.20,1,674.20
960,2023-06-04,0,"Dr. Eric Adams","Africa North","Laptop Y",Accessories,651.21,4,2604.84
961,2024-09-02,0,"Christopher Gomez",Oceania,"Bag R",Beauty,61.28,4,245.12
961,2024-09-02,0,"Christopher Gomez",Oceania,"Shirt O",Footwear,363.09,4,1452.36
961,2024-09-02,0,"Christopher Gomez",Oceania,"Bag R",Beauty,61.28,5,306.40
961,2024-09-02,0,"Christopher Gomez",Oceania,"Shoes J",Clothing,770.29,1,770.29
962,2024-02-24,0,"Chad Banks","Africa North","Watch M",Home,54.22,5,271.10
962,2024-02-24,0,"Chad Banks","Africa North","Shirt L",Footwear,396.44,2,792.88
962,2024-02-24,0,"Chad Banks","Africa North","Smartphone D",Accessories,107.03,2,214.06
963,2023-07-26,0,"Derrick Carter","Middle East","Bag K",Electronics,46.30,2,92.60
963,2023-07-26,0,"Derrick Carter","Middle East","Shirt K",Accessories,86.39,4,345.56
963,2023-07-26,0,"Derrick Carter","Middle East","Shirt W",Clothing,470.00,5,2350.00
964,2024-08-23,1,"Ricky Cooper","Africa South","Bag R",Beauty,61.28,3,183.84
965,2024-10-15,1,"Jeremy Booth",Oceania,"Smartphone D",Accessories,107.03,2,214.06
965,2024-10-15,1,"Jeremy Booth",Oceania,"Smartphone A",Accessories,334.61,4,1338.44
966,2024-06-01,0,"Mrs. Cheyenne Wade MD","Africa South","Laptop J",Electronics,870.61,1,870.61
966,2024-06-01,0,"Mrs. Cheyenne Wade MD","Africa South","Watch M",Beauty,979.92,4,3919.68
967,2024-02-04,0,"Mark Warner","Asia South","Shirt F",Electronics,90.60,1,90.60
968,2023-06-30,1,"Melissa Barton","Europe West","Shirt Z",Home,854.04,4,3416.16
968,2023-06-30,1,"Melissa Barton","Europe West","Shirt D",Home,891.21,4,3564.84
969,2024-12-28,0,"James Case","Europe Central","Shirt U",Footwear,660.98,2,1321.96
970,2024-05-20,0,"Jenna Allen","Europe West","Shirt Z",Home,177.34,3,532.02
971,2024-06-08,0,"Jacob Wells","Europe Central","Watch B",Beauty,390.71,3,1172.13
971,2024-06-08,0,"Jacob Wells","Europe Central","Watch C",Electronics,235.84,1,235.84
971,2024-06-08,0,"Jacob Wells","Europe Central","Shirt R",Clothing,40.47,5,202.35
972,2023-08-19,1,"Sara English","Europe West","Smartphone M",Clothing,938.56,1,938.56
973,2023-06-28,0,"Joseph Daniel","Africa North","Watch C",Electronics,235.84,1,235.84
974,2024-11-12,0,"John Fisher","Asia East","Shirt Q",Electronics,142.49,1,142.49
974,2024-11-12,0,"John Fisher","Asia East","Shirt A",Footwear,420.58,3,1261.74
976,2024-11-02,0,"James Hall","Africa South","Laptop B",Clothing,739.49,3,2218.47
977,2024-01-31,0,"Kristen Rose","North America","Shoes C",Clothing,141.88,2,283.76
978,2023-11-03,0,"Jimmy Weber","Europe West","Watch G",Electronics,690.67,4,2762.68
979,2025-02-16,1,"Michael Wang","South America","Bag R",Beauty,61.28,2,122.56
979,2025-02-16,1,"Michael Wang","South America","Smartphone M",Clothing,938.56,4,3754.24
979,2025-02-16,1,"Michael Wang","South America","Watch P",Clothing,285.01,4,1140.04
980,2024-04-26,0,"John Carter","Europe Central","Watch M",Beauty,979.92,1,979.92
981,2025-01-10,1,"Michael Phillips",Oceania,"Bag Y",Home,834.71,1,834.71
981,2025-01-10,1,"Michael Phillips",Oceania,"Shoes N",Home,407.69,1,407.69
981,2025-01-10,1,"Michael Phillips",Oceania,"Shirt A",Footwear,420.58,5,2102.90
982,2024-11-02,1,"Monica Williams","Asia East","Shoes D",Home,858.32,1,858.32
982,2024-11-02,1,"Monica Williams","Asia East","Shirt W",Clothing,470.00,3,1410.00
983,2025-04-09,0,"William Thompson",Oceania,"Shirt Z",Home,854.04,3,2562.12
983,2025-04-09,0,"William Thompson",Oceania,"Bag P",Clothing,993.52,3,2980.56
984,2025-02-20,0,"Matthew Williams","North America","Watch B",Beauty,390.71,4,1562.84
984,2025-02-20,0,"Matthew Williams","North America","Shirt I",Accessories,619.71,1,619.71
985,2024-08-15,0,"Nicholas Young","Europe West","Bag F",Electronics,734.91,2,1469.82
986,2024-11-04,0,"Michael Johnston","North America","Watch Q",Electronics,63.41,5,317.05
987,2024-08-17,0,"Justin Elliott","Asia East","Watch P",Clothing,285.01,2,570.02
988,2023-09-20,1,"Thomas Lewis","Europe West","Shoes J",Clothing,770.29,5,3851.45
990,2024-05-17,0,"Michael Johnston","North America","Watch M",Beauty,979.92,5,4899.60
990,2024-05-17,0,"Michael Johnston","North America","Shirt Q",Beauty,400.46,5,2002.30
991,2024-05-21,0,"Mary Herrera","Europe Central","Shirt G",Electronics,464.42,1,464.42
992,2025-02-02,0,"Mary Herrera","Europe Central","Bag T",Accessories,615.95,4,2463.80
992,2025-02-02,0,"Mary Herrera","Europe Central","Laptop V",Home,209.60,1,209.60
992,2025-02-02,0,"Mary Herrera","Europe Central","Shirt K",Accessories,86.39,3,259.17
993,2023-11-24,1,"Lori Bray","Asia East","Shirt R",Clothing,40.47,4,161.88
993,2023-11-24,1,"Lori Bray","Asia East","Bag I",Home,674.20,1,674.20
993,2023-11-24,1,"Lori Bray","Asia East","Bag T",Accessories,615.95,1,615.95
993,2023-11-24,1,"Lori Bray","Asia East","Watch N",Home,743.34,5,3716.70
994,2023-11-05,0,"Terry Parsons","Asia East","Shirt K",Accessories,86.39,5,431.95
994,2023-11-05,0,"Terry Parsons","Asia East","Watch U",Clothing,760.93,4,3043.72
995,2024-02-17,0,"Sandra Taylor","Asia South","Shirt Z",Home,177.34,1,177.34
996,2023-07-22,0,"Dr. Eric Adams","Africa North","Shirt F",Electronics,90.60,3,271.80
996,2023-07-22,0,"Dr. Eric Adams","Africa North","Watch V",Beauty,93.71,5,468.55
997,2025-02-07,1,"Donna Chandler","Africa North","Smartphone A",Accessories,334.61,1,334.61
997,2025-02-07,1,"Donna Chandler","Africa North","Shirt K",Accessories,86.39,3,259.17
997,2025-02-07,1,"Donna Chandler","Africa North","Shoes M",Footwear,208.93,3,626.79
997,2025-02-07,1,"Donna Chandler","Africa North","Watch B",Beauty,703.73,5,3518.65
998,2023-08-03,0,"Derrick Carter","Middle East","Smartphone M",Clothing,938.56,3,2815.68
998,2023-08-03,0,"Derrick Carter","Middle East","Smartphone K",Electronics,627.73,5,3138.65
998,2023-08-03,0,"Derrick Carter","Middle East","Shirt K",Accessories,86.39,2,172.78
999,2023-06-26,0,"Patrick Lang","Asia East","Smartphone K",Electronics,627.73,2,1255.46
999,2023-06-26,0,"Patrick Lang","Asia East","Laptop V",Footwear,101.30,3,303.90
1000,2024-05-05,0,"Thomas Lewis","Europe West","Watch J",Beauty,277.91,4,1111.64
1000,2024-05-05,0,"Thomas Lewis","Europe West","Laptop Y",Accessories,651.21,4,2604.84
1000,2024-05-05,0,"Thomas Lewis","Europe West","Bag K",Electronics,46.30,4,185.20
1000,2024-05-05,0,"Thomas Lewis","Europe West","Smartphone I",Footwear,207.24,5,1036.20
1000,2024-05-05,0,"Thomas Lewis","Europe West","Bag Y",Home,834.71,5,4173.55
